raw_name,standard_name,verification_status,source_url,notes,count
京东 JD.COM,京东,中,https://www.jd.com/,包含京东/JD关键词,1
奢品鉴别中心,奢品鉴别中心,中,,按原表企业名保留，未命中已知别名库,1
有方道少儿英酒,有方道少儿英酒,中,,按原表企业名保留，未命中已知别名库,1
理想汽车,理想汽车,中,,按原表企业名保留，未命中已知别名库,4
小米汽车,小米,中,https://www.mi.com/about/,包含小米/Xiaomi关键词,1
华为,华为,高,https://www.huawei.com/cn/corporate-information,官网标准名称,18
航天9院摩索,航天9院摩索,中,,按原表企业名保留，未命中已知别名库,1
某特种电源龙头企业,某特种电源龙头企业,中,,按原表企业名保留，未命中已知别名库,1
北方集成电路,北方集成电路,中,,按原表企业名保留，未命中已知别名库,1
中车北京某所,中车北京某所,中,,按原表企业名保留，未命中已知别名库,1
中期中电设计院,中期中电设计院,中,,按原表企业名保留，未命中已知别名库,1
ByteDance,字节跳动,中,https://www.bytedance.com/zh/,包含字节/ByteDance关键词,1
快手,快手,中,https://www.kuaishou.com/,常用品牌名,1
地地,地地,待核实,,企业名过短或匿名化，需人工复核,1
芳佩拉斯许家,芳佩拉斯许家,中,,按原表企业名保留，未命中已知别名库,1
字节跳动,字节跳动,高,https://www.bytedance.com/zh/,官网标准名称,6
腾讯,腾讯,高,https://www.tencent.com/zh-cn/about.html,官网标准名称,6
OPPO,OPPO,中,https://www.oppo.com/cn/about/,官网品牌名,1
小米,小米,中,https://www.mi.com/about/,常用品牌名,5
中兴通信,中兴通讯,中,https://www.zte.com.cn/,包含中兴/ZTE关键词,1
和而泰智能控制,和而泰智能控制,中,,按原表企业名保留，未命中已知别名库,1
大疆,大疆,中,https://www.dji.com/cn,常用品牌名,1
卓育科技,卓育科技,中,,按原表企业名保留，未命中已知别名库,1
中车湖南株洲,中车湖南株洲,中,,按原表企业名保留，未命中已知别名库,1
三一重工,三一重工,中,,按原表企业名保留，未命中已知别名库,2
中联重科,中联重科,中,,按原表企业名保留，未命中已知别名库,1
江苏电信省直属单位,江苏电信省直属单位,中,,按原表企业名保留，未命中已知别名库,1
比亚迪汽车工程院,比亚迪汽车工程院,中,,按原表企业名保留，未命中已知别名库,1
中兴,中兴通讯,中,https://www.zte.com.cn/,简称标准化,1
庆元姆斯,庆元姆斯,中,,按原表企业名保留，未命中已知别名库,1
东管姆斯,东管姆斯,中,,按原表企业名保留，未命中已知别名库,1
广州姆斯,广州姆斯,中,,按原表企业名保留，未命中已知别名库,2
中航光电,中航光电,中,,按原表企业名保留，未命中已知别名库,2
中国电科28所,中国电科28所,中,,按原表企业名保留，未命中已知别名库,1
航空工业,航空工业,中,,按原表企业名保留，未命中已知别名库,1
西北省份985高校,西北省份985高校,中,,按原表企业名保留，未命中已知别名库,1
西安研究所,西安研究所,中,,按原表企业名保留，未命中已知别名库,1
西安211高校,西安211高校,中,,按原表企业名保留，未命中已知别名库,1
北京事业单位,北京事业单位,中,,按原表企业名保留，未命中已知别名库,1
小红书,小红书,中,https://www.xiaohongshu.com/,常用品牌名,3
航天科技第五研究院总体部,航天科技第五研究院总体部,中,,按原表企业名保留，未命中已知别名库,1
京东,京东,中,https://www.jd.com/,常用品牌名,13
中国石油,中国石油,中,,按原表企业名保留，未命中已知别名库,3
中国石化SINOPEC,中国石化SINOPEC,中,,按原表企业名保留，未命中已知别名库,1
大疆创新,大疆,中,https://www.dji.com/cn,公司/品牌标准化,2
开立医疗,开立医疗,中,,按原表企业名保留，未命中已知别名库,1
飞利浦,飞利浦,中,,按原表企业名保留，未命中已知别名库,1
bilibili,哔哩哔哩,中,https://www.bilibili.com/blackboard/aboutUs.html,英文品牌名标准化,1
aaaouc,aaaouc,待核实,,纯英文或缩写企业名，需人工复核,1
美团,美团,中,https://about.meituan.com/,常用品牌名,6
盛邦威电子,盛邦威电子,中,,按原表企业名保留，未命中已知别名库,1
心动科技,心动科技,中,,按原表企业名保留，未命中已知别名库,1
男薪半导体,男薪半导体,中,,按原表企业名保留，未命中已知别名库,1
百度,百度,中,https://www.baidu.com/,常用品牌名,8
滴滴,滴滴,中,https://www.didiglobal.com/,常用品牌名,5
SAP 赛普,SAP 赛普,中,,按原表企业名保留，未命中已知别名库,1
马以集团,马以集团,中,,按原表企业名保留，未命中已知别名库,1
广汽集团,广汽集团,中,,按原表企业名保留，未命中已知别名库,1
长江存储,长江存储,中,,按原表企业名保留，未命中已知别名库,3
迈瑞,迈瑞医疗,中,https://www.mindray.com/cn,简称标准化,2
海康盈石,海康盈石,中,,按原表企业名保留，未命中已知别名库,1
小鹏汽车,小鹏汽车,中,,按原表企业名保留，未命中已知别名库,1
比亚迪,比亚迪,中,https://www.byd.com/cn,常用品牌名,4
元龙企行,元龙企行,中,,按原表企业名保留，未命中已知别名库,1
中芯国际,中芯国际,中,,按原表企业名保留，未命中已知别名库,3
北方华创,北方华创,中,,按原表企业名保留，未命中已知别名库,1
211高校,211高校,中,,按原表企业名保留，未命中已知别名库,1
VOLKSWAGEN,大众汽车集团,中,https://www.volkswagen-group.com/,英文品牌名标准化,1
新凯来,新凯来,中,,按原表企业名保留，未命中已知别名库,2
地平线,地平线,中,,按原表企业名保留，未命中已知别名库,1
海光信息技术,海光信息技术,中,,按原表企业名保留，未命中已知别名库,1
比亚迪股份有限公司,比亚迪股份有限公司,中,,按原表企业名保留，未命中已知别名库,4
语数科技,语数科技,中,,按原表企业名保留，未命中已知别名库,2
联影,联影医疗,中,https://www.united-imaging.com/cn,简称标准化,1
比亚迪汽车工业有限公司,比亚迪汽车工业有限公司,中,,按原表企业名保留，未命中已知别名库,2
特斯拉中国,特斯拉中国,中,,按原表企业名保留，未命中已知别名库,5
中国钢研科技集团,中国钢研科技集团,中,,按原表企业名保留，未命中已知别名库,1
第一的时代,第一的时代,中,,按原表企业名保留，未命中已知别名库,1
未知,未知,待核实,,企业名过短或匿名化，需人工复核,2
波音中国分公司,波音中国分公司,中,,按原表企业名保留，未命中已知别名库,1
中国商飞,中国商飞,中,,按原表企业名保留，未命中已知别名库,2
航天科技集团,航天科技集团,中,,按原表企业名保留，未命中已知别名库,1
sensetime,商汤科技,中,https://www.sensetime.com/cn,英文品牌名标准化,1
中国航天科工集团,中国航天科工集团,中,,按原表企业名保留，未命中已知别名库,1
赢得时代,赢得时代,中,,按原表企业名保留，未命中已知别名库,1
中国冰淇工业集团,中国冰淇工业集团,中,,按原表企业名保留，未命中已知别名库,1
上海市场监督管理局,上海市场监督管理局,中,,按原表企业名保留，未命中已知别名库,1
不要集团,不要集团,中,,按原表企业名保留，未命中已知别名库,1
天能电池,天能电池,中,,按原表企业名保留，未命中已知别名库,1
歌尔科技,歌尔科技,中,,按原表企业名保留，未命中已知别名库,1
担心,担心,待核实,,企业名过短或匿名化，需人工复核,1
DAMO ACADEMY,阿里巴巴达摩院,中,https://damo.alibaba.com/,英文机构名标准化,1
华为2012实验室,华为,中,https://www.huawei.com/cn/corporate-information,包含华为/HUAWEI关键词,4
英伟达中国,英伟达中国,中,,按原表企业名保留，未命中已知别名库,2
中国航天科技集团公司,中国航天科技集团公司,中,,按原表企业名保留，未命中已知别名库,2
华为北京研究所,华为,中,https://www.huawei.com/cn/corporate-information,包含华为/HUAWEI关键词,1
国家电网 STATEGRID 国网江苏省电力公司,国家电网 STATEGRID 国网江苏省电力公司,中,,按原表企业名保留，未命中已知别名库,1
中心通讯南京研发中心,中心通讯南京研发中心,中,,按原表企业名保留，未命中已知别名库,1
吉利汽车,吉利汽车,中,,按原表企业名保留，未命中已知别名库,3
航天科技医院,航天科技医院,中,,按原表企业名保留，未命中已知别名库,1
苏州园区某高中,苏州园区某高中,中,,按原表企业名保留，未命中已知别名库,1
奇瑞汽,奇瑞汽,中,,按原表企业名保留，未命中已知别名库,1
汇川技术,汇川技术,中,,按原表企业名保留，未命中已知别名库,3
杭州海星电力,杭州海星电力,中,,按原表企业名保留，未命中已知别名库,1
美的集团,美的集团,中,https://www.midea.com/cn/about-midea,包含美的/Midea关键词,2
永辉超市,永辉超市,中,,按原表企业名保留，未命中已知别名库,1
中国航空发动机集团,中国航空发动机集团,中,,按原表企业名保留，未命中已知别名库,1
SUNWODA,欣旺达,中,https://www.sunwoda.com/,英文品牌名标准化,1
GREE格力,GREE格力,中,,按原表企业名保留，未命中已知别名库,2
EOOMN,EOOMN,待核实,,纯英文或缩写企业名，需人工复核,1
中国实话,中国实话,中,,按原表企业名保留，未命中已知别名库,2
海康威视,海康威视,中,,按原表企业名保留，未命中已知别名库,2
浙江某央企,浙江某央企,中,,按原表企业名保留，未命中已知别名库,1
中国宝武钢铁集团有限公司,中国宝武钢铁集团有限公司,中,,按原表企业名保留，未命中已知别名库,2
赢的时代,赢的时代,中,,按原表企业名保留，未命中已知别名库,1
中国航发北京航空材料研究院,中国航发北京航空材料研究院,中,,按原表企业名保留，未命中已知别名库,1
中国兵器工业集团 NORINCOGROUP,中国兵器工业集团 NORINCOGROUP,中,,按原表企业名保留，未命中已知别名库,1
一重工,一重工,中,,按原表企业名保留，未命中已知别名库,1
新闻子中国,新闻子中国,中,,按原表企业名保留，未命中已知别名库,1
中国石化,中国石化,中,,按原表企业名保留，未命中已知别名库,1
万华化学集团,万华化学集团,中,,按原表企业名保留，未命中已知别名库,2
八四驳中国,八四驳中国,中,,按原表企业名保留，未命中已知别名库,1
Midea,美的集团,中,https://www.midea.com/cn/about-midea,英文品牌名标准化,1
中国电信,中国电信,中,,按原表企业名保留，未命中已知别名库,2
中国能建,中国能建,中,,按原表企业名保留，未命中已知别名库,1
成都某企业,成都某企业,中,,按原表企业名保留，未命中已知别名库,1
杭州某公控企业,杭州某公控企业,中,,按原表企业名保留，未命中已知别名库,1
深圳某机器人企业,深圳某机器人企业,中,,按原表企业名保留，未命中已知别名库,1
中国电子科技集团公司第十四研究所,中国电子科技集团公司第十四研究所,中,,按原表企业名保留，未命中已知别名库,1
影视因斯打360,影视因斯打360,中,,按原表企业名保留，未命中已知别名库,1
中国电子科技集团,中国电子科技集团,中,,按原表企业名保留，未命中已知别名库,2
亚马逊中国,亚马逊中国,中,,按原表企业名保留，未命中已知别名库,1
乌鲁武器实化公司,乌鲁武器实化公司,中,,按原表企业名保留，未命中已知别名库,1
维吾尔药业,维吾尔药业,中,,按原表企业名保留，未命中已知别名库,1
新疆中泰化学,新疆中泰化学,中,,按原表企业名保留，未命中已知别名库,1
上海建工集团,上海建工集团,中,,按原表企业名保留，未命中已知别名库,1
中国电建集团北京勘测设计研究院有限公司,中国电建集团北京勘测设计研究院有限公司,中,,按原表企业名保留，未命中已知别名库,1
南京银行,南京银行,中,,按原表企业名保留，未命中已知别名库,1
芯片龙头企业,芯片龙头企业,中,,按原表企业名保留，未命中已知别名库,1
深圳某存储外企,深圳某存储外企,中,,按原表企业名保留，未命中已知别名库,1
中国航天科技集团,中国航天科技集团,中,,按原表企业名保留，未命中已知别名库,3
重工,重工,待核实,,企业名过短或匿名化，需人工复核,1
上海电气,上海电气,中,,按原表企业名保留，未命中已知别名库,2
中国五矿 MINMETALS,中国五矿 MINMETALS,中,,按原表企业名保留，未命中已知别名库,1
宝武钢铁集团有限公司,宝武钢铁集团有限公司,中,,按原表企业名保留，未命中已知别名库,1
中国分公司,中国分公司,中,,按原表企业名保留，未命中已知别名库,1
中兴通讯,中兴通讯,中,https://www.zte.com.cn/,常用名称,1
格创东智,格创东智,中,,按原表企业名保留，未命中已知别名库,1
中国海油,中国海油,中,,按原表企业名保留，未命中已知别名库,1
乌鲁木齐银行,乌鲁木齐银行,中,,按原表企业名保留，未命中已知别名库,1
大连船舶重工集团有限公司,大连船舶重工集团有限公司,中,,按原表企业名保留，未命中已知别名库,1
哈尔滨某公司,哈尔滨某公司,中,,按原表企业名保留，未命中已知别名库,1
中国工商银行总行,中国工商银行总行,中,,按原表企业名保留，未命中已知别名库,1
高盛中国,高盛中国,中,,按原表企业名保留，未命中已知别名库,1
博士顿资讯,博士顿资讯,中,,按原表企业名保留，未命中已知别名库,1
中国航天,中国航天,中,,按原表企业名保留，未命中已知别名库,1
大华股份,大华股份,中,,按原表企业名保留，未命中已知别名库,1
阿里云,阿里云,中,,按原表企业名保留，未命中已知别名库,1
HUAWEI,华为,中,https://www.huawei.com/cn/corporate-information,包含华为/HUAWEI关键词,2
中国人寿,中国人寿,中,,按原表企业名保留，未命中已知别名库,2
万科企业股份有限公司,万科企业股份有限公司,中,,按原表企业名保留，未命中已知别名库,1
中国农业银行,中国农业银行,中,,按原表企业名保留，未命中已知别名库,1
中国电信 CHINATELECOM,中国电信 CHINATELECOM,中,,按原表企业名保留，未命中已知别名库,1
习锐汽车,习锐汽车,中,,按原表企业名保留，未命中已知别名库,1
科大讯飞,科大讯飞,中,,按原表企业名保留，未命中已知别名库,3
山东国家应用数学中心,山东国家应用数学中心,中,,按原表企业名保留，未命中已知别名库,1
国家能源集团,国家能源集团,中,,按原表企业名保留，未命中已知别名库,2
中海油,中海油,中,,按原表企业名保留，未命中已知别名库,1
Schlumberger,斯伦贝谢,中,https://www.slb.com/,英文品牌名标准化,1
TCL实业,TCL实业,中,,按原表企业名保留，未命中已知别名库,1
顾家家居,顾家家居,中,,按原表企业名保留，未命中已知别名库,1
东风日产,东风日产,中,,按原表企业名保留，未命中已知别名库,1
东吴证券,东吴证券,中,,按原表企业名保留，未命中已知别名库,1
招商银行,招商银行,中,,按原表企业名保留，未命中已知别名库,4
汇丰银行,汇丰银行,中,,按原表企业名保留，未命中已知别名库,1
同花顺,同花顺,中,,按原表企业名保留，未命中已知别名库,1
某头部国产汽车,某头部国产汽车,中,,按原表企业名保留，未命中已知别名库,1
OBSBOT寻影,OBSBOT寻影,中,,按原表企业名保留，未命中已知别名库,1
华勤技术,华勤技术,中,,按原表企业名保留，未命中已知别名库,1
天响,天响,待核实,,企业名过短或匿名化，需人工复核,1
作业帮,作业帮,中,,按原表企业名保留，未命中已知别名库,2
Tencent腾讯,腾讯,中,https://www.tencent.com/zh-cn/about.html,包含腾讯/Tencent关键词,3
ByteDance字节跳动,字节跳动,中,https://www.bytedance.com/zh/,包含字节/ByteDance关键词,1
中国电科集团十四所,中国电科集团十四所,中,,按原表企业名保留，未命中已知别名库,1
上海财经大学,上海财经大学,中,,按原表企业名保留，未命中已知别名库,1
中国银行总行,中国银行总行,中,,按原表企业名保留，未命中已知别名库,1
加势基金,加势基金,中,,按原表企业名保留，未命中已知别名库,1
大连大学附属中山医院,大连大学附属中山医院,中,,按原表企业名保留，未命中已知别名库,2
大连市中心医院,大连市中心医院,中,,按原表企业名保留，未命中已知别名库,2
七五只要,七五只要,中,,按原表企业名保留，未命中已知别名库,1
宇通客车股份有限公司,宇通客车股份有限公司,中,,按原表企业名保留，未命中已知别名库,2
大族激光,大族激光,中,,按原表企业名保留，未命中已知别名库,3
赢合科技,赢合科技,中,,按原表企业名保留，未命中已知别名库,1
汉德车桥,汉德车桥,中,,按原表企业名保留，未命中已知别名库,1
银跑汽车,银跑汽车,中,,按原表企业名保留，未命中已知别名库,1
北京某车辆研究所,北京某车辆研究所,中,,按原表企业名保留，未命中已知别名库,1
强生制药,强生制药,中,,按原表企业名保留，未命中已知别名库,1
联合立华,联合立华,中,,按原表企业名保留，未命中已知别名库,1
BPF,BPF,待核实,,纯英文或缩写企业名，需人工复核,1
阳光电源,阳光电源,中,,按原表企业名保留，未命中已知别名库,1
山东电网,山东电网,中,,按原表企业名保留，未命中已知别名库,1
拼多多,拼多多,中,https://www.pinduoduo.com/,常用品牌名,3
蚂蚁集团,蚂蚁集团,中,https://www.antgroup.com/,常用品牌名,2
经法科技,经法科技,中,,按原表企业名保留，未命中已知别名库,1
长城汽车,长城汽车,中,,按原表企业名保留，未命中已知别名库,1
华工激光,华工激光,中,,按原表企业名保留，未命中已知别名库,1
Shopee,Shopee,待核实,,纯英文或缩写企业名，需人工复核,1
毕丽毕丽,毕丽毕丽,中,,按原表企业名保留，未命中已知别名库,1
东风汽车,东风汽车,中,,按原表企业名保留，未命中已知别名库,3
大动汽车,大动汽车,中,,按原表企业名保留，未命中已知别名库,1
哔哩哔哩,哔哩哔哩,中,https://www.bilibili.com/blackboard/aboutUs.html,常用品牌名,1
贵州黎阳航空动力有限公司,贵州黎阳航空动力有限公司,中,,按原表企业名保留，未命中已知别名库,1
成都某军工企业,成都某军工企业,中,,按原表企业名保留，未命中已知别名库,1
中航工艺红桌,中航工艺红桌,中,,按原表企业名保留，未命中已知别名库,1
施耐德电器,施耐德电器,中,,按原表企业名保留，未命中已知别名库,1
据新科技,据新科技,中,,按原表企业名保留，未命中已知别名库,1
激烈汽车,激烈汽车,中,,按原表企业名保留，未命中已知别名库,1
中化十四建,中化十四建,中,,按原表企业名保留，未命中已知别名库,1
旭阳集团,旭阳集团,中,,按原表企业名保留，未命中已知别名库,1
新疆旗亚集团,新疆旗亚集团,中,,按原表企业名保留，未命中已知别名库,1
中国科学技术大学先进技术研究院,中国科学技术大学先进技术研究院,中,,按原表企业名保留，未命中已知别名库,1
中国科学院过程控制研究所,中国科学院过程控制研究所,中,,按原表企业名保留，未命中已知别名库,1
哈尔滨工程大学水下机器人国家重点实验室,哈尔滨工程大学水下机器人国家重点实验室,中,,按原表企业名保留，未命中已知别名库,1
凯莱英生物技术有限公司,凯莱英生物技术有限公司,中,,按原表企业名保留，未命中已知别名库,1
魏桥国科研究院,魏桥国科研究院,中,,按原表企业名保留，未命中已知别名库,1
明阳集团,明阳集团,中,,按原表企业名保留，未命中已知别名库,1
河南钢铁集团,河南钢铁集团,中,,按原表企业名保留，未命中已知别名库,1
宝钢集团八钢公司,宝钢集团八钢公司,中,,按原表企业名保留，未命中已知别名库,1
湛江钢铁,湛江钢铁,中,,按原表企业名保留，未命中已知别名库,1
百色超原发电有限公司,百色超原发电有限公司,中,,按原表企业名保留，未命中已知别名库,1
商汤科技,商汤科技,中,https://www.sensetime.com/cn,常用名称,2
中泰证券,中泰证券,中,,按原表企业名保留，未命中已知别名库,1
中华才显,中华才显,中,,按原表企业名保留，未命中已知别名库,1
山东某地级市的市政府投资基金公司,山东某地级市的市政府投资基金公司,中,,按原表企业名保留，未命中已知别名库,1
常熟市某中学,常熟市某中学,中,,按原表企业名保留，未命中已知别名库,1
宿迁某中学,宿迁某中学,中,,按原表企业名保留，未命中已知别名库,1
盐城某高中,盐城某高中,中,,按原表企业名保留，未命中已知别名库,1
海尔,海尔,待核实,,企业名过短或匿名化，需人工复核,1
BOE,BOE,待核实,,纯英文或缩写企业名，需人工复核,1
TCL,TCL,待核实,,纯英文或缩写企业名，需人工复核,2
网易湖域,网易湖域,中,,按原表企业名保留，未命中已知别名库,1
游达科技,游达科技,中,,按原表企业名保留，未命中已知别名库,1
四三九九游戏公司,四三九九游戏公司,中,,按原表企业名保留，未命中已知别名库,1
金修有限公司,金修有限公司,中,,按原表企业名保留，未命中已知别名库,1
丁和而泰,丁和而泰,中,,按原表企业名保留，未命中已知别名库,1
豪迈集团,豪迈集团,中,,按原表企业名保留，未命中已知别名库,1
微海新北洋技术有限公司,微海新北洋技术有限公司,中,,按原表企业名保留，未命中已知别名库,1
中国化学工程第六建设有限公司,中国化学工程第六建设有限公司,中,,按原表企业名保留，未命中已知别名库,1
"牧野机床（中国）有限公司 MAKINO(CHINA)CO,LTD.","牧野机床（中国）有限公司 MAKINO(CHINA)CO,LTD.",中,,按原表企业名保留，未命中已知别名库,1
昆山斯塔比奥,昆山斯塔比奥,中,,按原表企业名保留，未命中已知别名库,1
学校附近的公立小学,学校附近的公立小学,中,,按原表企业名保留，未命中已知别名库,1
某国际学校,某国际学校,中,,按原表企业名保留，未命中已知别名库,1
某头部在线教育企业,某头部在线教育企业,中,,按原表企业名保留，未命中已知别名库,1
中州电网公司,中州电网公司,中,,按原表企业名保留，未命中已知别名库,1
贵州电网公司,贵州电网公司,中,,按原表企业名保留，未命中已知别名库,1
禁刚控股集团,禁刚控股集团,中,,按原表企业名保留，未命中已知别名库,1
金风率能化工厂,金风率能化工厂,中,,按原表企业名保留，未命中已知别名库,1
抹能源集团,抹能源集团,中,,按原表企业名保留，未命中已知别名库,1
国家某重点科研院所,国家某重点科研院所,中,,按原表企业名保留，未命中已知别名库,1
华为天才少年计划,华为,中,https://www.huawei.com/cn/corporate-information,包含华为/HUAWEI关键词,1
禾迈电力电子股份有限公司,禾迈电力电子股份有限公司,中,,按原表企业名保留，未命中已知别名库,1
ellenc,ellenc,待核实,,纯英文或缩写企业名，需人工复核,1
国际集团某三级子公司,国际集团某三级子公司,中,,按原表企业名保留，未命中已知别名库,1
海尔智家,海尔智家,中,,按原表企业名保留，未命中已知别名库,2
无锡某金属加工厂,无锡某金属加工厂,中,,按原表企业名保留，未命中已知别名库,1
山东黄金集团,山东黄金集团,中,,按原表企业名保留，未命中已知别名库,2
内蒙古重泰能源集团,内蒙古重泰能源集团,中,,按原表企业名保留，未命中已知别名库,1
山东能源集团,山东能源集团,中,,按原表企业名保留，未命中已知别名库,1
安迅三通,安迅三通,中,,按原表企业名保留，未命中已知别名库,2
北汽福田,北汽福田,中,,按原表企业名保留，未命中已知别名库,3
许工集团,许工集团,中,,按原表企业名保留，未命中已知别名库,1
东风汽车集团有限公司研发总院,东风汽车集团有限公司研发总院,中,,按原表企业名保留，未命中已知别名库,1
东风义派科技,东风义派科技,中,,按原表企业名保留，未命中已知别名库,1
NIO蔚来,NIO蔚来,中,,按原表企业名保留，未命中已知别名库,1
支术有限责任公司,支术有限责任公司,中,,按原表企业名保留，未命中已知别名库,1
深圳某通信技术公司,深圳某通信技术公司,中,,按原表企业名保留，未命中已知别名库,1
协助公司项目外包,协助公司项目外包,中,,按原表企业名保留，未命中已知别名库,1
第一限科技有限公司,第一限科技有限公司,中,,按原表企业名保留，未命中已知别名库,1
陆逊梯卡华宏（东莞）眼镜有限公司,陆逊梯卡华宏（东莞）眼镜有限公司,中,,按原表企业名保留，未命中已知别名库,1
丰盐科技股份有限公司,丰盐科技股份有限公司,中,,按原表企业名保留，未命中已知别名库,1
南瑞继保,南瑞继保,中,,按原表企业名保留，未命中已知别名库,1
武汉某公办大专,武汉某公办大专,中,,按原表企业名保留，未命中已知别名库,1
长沙某公办小学,长沙某公办小学,中,,按原表企业名保留，未命中已知别名库,1
特斯拉,特斯拉,中,,按原表企业名保留，未命中已知别名库,2
顺联科技,顺联科技,中,,按原表企业名保留，未命中已知别名库,1
小马智行,小马智行,中,,按原表企业名保留，未命中已知别名库,1
GuangzhouShiyuanElectronicsCo.Ltd,GuangzhouShiyuanElectronicsCo.Ltd,待核实,,纯英文或缩写企业名，需人工复核,1
卡斯科信号,卡斯科信号,中,,按原表企业名保留，未命中已知别名库,1
航天新长征大道,航天新长征大道,中,,按原表企业名保留，未命中已知别名库,1
三星电机,三星电机,中,,按原表企业名保留，未命中已知别名库,1
XINJE,XINJE,待核实,,纯英文或缩写企业名，需人工复核,1
苏州列其智能,苏州列其智能,中,,按原表企业名保留，未命中已知别名库,1
LOW,LOW,待核实,,纯英文或缩写企业名，需人工复核,1
二三一重能 SEAE,二三一重能 SEAE,中,,按原表企业名保留，未命中已知别名库,1
ASANY,ASANY,待核实,,纯英文或缩写企业名，需人工复核,1
杭州地铁,杭州地铁,中,,按原表企业名保留，未命中已知别名库,1
欧文斯科宁杭州生产基地,欧文斯科宁杭州生产基地,中,,按原表企业名保留，未命中已知别名库,1
普通机械小厂,普通机械小厂,中,,按原表企业名保留，未命中已知别名库,1
高德地图,高德地图,中,,按原表企业名保留，未命中已知别名库,1
某互联网企业,某互联网企业,中,,按原表企业名保留，未命中已知别名库,1
二翻软,二翻软,中,,按原表企业名保留，未命中已知别名库,1
新工科就业飞机哥 OONE,新工科就业飞机哥 OONE,中,,按原表企业名保留，未命中已知别名库,1
湖北省路桥集团有限公司,湖北省路桥集团有限公司,中,,按原表企业名保留，未命中已知别名库,1
华工科技产业股份有限公司,华工科技产业股份有限公司,中,,按原表企业名保留，未命中已知别名库,1
中国化学第九建设有限公司,中国化学第九建设有限公司,中,,按原表企业名保留，未命中已知别名库,1
圣建科技半导体有限公司,圣建科技半导体有限公司,中,,按原表企业名保留，未命中已知别名库,1
苏州某工控公司,苏州某工控公司,中,,按原表企业名保留，未命中已知别名库,1
郑州中科,郑州中科,中,,按原表企业名保留，未命中已知别名库,1
博世,博世,待核实,,企业名过短或匿名化，需人工复核,1
国家电投,国家电投,中,,按原表企业名保留，未命中已知别名库,1
华历集成电路,华历集成电路,中,,按原表企业名保留，未命中已知别名库,1
其冰玻璃,其冰玻璃,中,,按原表企业名保留，未命中已知别名库,1
中国电建,中国电建,中,,按原表企业名保留，未命中已知别名库,1
中国铁路武汉局集团有限公司,中国铁路武汉局集团有限公司,中,,按原表企业名保留，未命中已知别名库,3
北京某半导体公司,北京某半导体公司,中,,按原表企业名保留，未命中已知别名库,1
上海和辉光电股份有限公司,上海和辉光电股份有限公司,中,,按原表企业名保留，未命中已知别名库,1
诚迈科技,诚迈科技,中,,按原表企业名保留，未命中已知别名库,1
深圳某顺丰子公司,深圳某顺丰子公司,中,,按原表企业名保留，未命中已知别名库,1
iberHome,iberHome,待核实,,纯英文或缩写企业名，需人工复核,1
集团,集团,待核实,,企业名过短或匿名化，需人工复核,1
景旺电子,景旺电子,中,,按原表企业名保留，未命中已知别名库,1
中间香港有限公司,中间香港有限公司,中,,按原表企业名保留，未命中已知别名库,1
潍柴动力,潍柴动力,中,,按原表企业名保留，未命中已知别名库,1
郑州比亚迪,郑州比亚迪,中,,按原表企业名保留，未命中已知别名库,1
深圳某半导体设备公司,深圳某半导体设备公司,中,,按原表企业名保留，未命中已知别名库,1
海信,海信,待核实,,企业名过短或匿名化，需人工复核,1
深圳某中型私企,深圳某中型私企,中,,按原表企业名保留，未命中已知别名库,1
华为海斯,华为,中,https://www.huawei.com/cn/corporate-information,包含华为/HUAWEI关键词,1
天华新能源有限公司,天华新能源有限公司,中,,按原表企业名保留，未命中已知别名库,1
四川某国企,四川某国企,中,,按原表企业名保留，未命中已知别名库,1
凯瑞化工,凯瑞化工,中,,按原表企业名保留，未命中已知别名库,1
荣耀,荣耀,待核实,,企业名过短或匿名化，需人工复核,2
中石油,中石油,中,,按原表企业名保留，未命中已知别名库,2
上海大途科技,上海大途科技,中,,按原表企业名保留，未命中已知别名库,1
北京国能日新科技,北京国能日新科技,中,,按原表企业名保留，未命中已知别名库,1
深圳号语言科技,深圳号语言科技,中,,按原表企业名保留，未命中已知别名库,1
中国建筑第八工程局有限公司,中国建筑第八工程局有限公司,中,,按原表企业名保留，未命中已知别名库,2
中建三局北京分公司,中建三局北京分公司,中,,按原表企业名保留，未命中已知别名库,1
JANG,JANG,待核实,,纯英文或缩写企业名，需人工复核,1
工科就业飞机哥,工科就业飞机哥,中,,按原表企业名保留，未命中已知别名库,1
牧原食品股份,牧原食品股份,中,,按原表企业名保留，未命中已知别名库,2
国家电网,国家电网,中,https://www.sgcc.com.cn/,常用名称,3
中国电气装备集团,中国电气装备集团,中,,按原表企业名保留，未命中已知别名库,1
中国工商银行,中国工商银行,中,,按原表企业名保留，未命中已知别名库,2
中国邮政储蓄银行,中国邮政储蓄银行,中,,按原表企业名保留，未命中已知别名库,1
深信服,深信服,中,,按原表企业名保留，未命中已知别名库,1
某世界五百强电汽外企,某世界五百强电汽外企,中,,按原表企业名保留，未命中已知别名库,1
长安汽车,长安汽车,中,,按原表企业名保留，未命中已知别名库,1
苏宁易购,苏宁易购,中,,按原表企业名保留，未命中已知别名库,1
极兔速递,极兔速递,中,,按原表企业名保留，未命中已知别名库,1
不难钢铁,不难钢铁,中,,按原表企业名保留，未命中已知别名库,1
基恩士,基恩士,中,,按原表企业名保留，未命中已知别名库,2
墓园食品股份,墓园食品股份,中,,按原表企业名保留，未命中已知别名库,1
加多宝凉茶,加多宝凉茶,中,,按原表企业名保留，未命中已知别名库,1
民生银行,民生银行,中,,按原表企业名保留，未命中已知别名库,1
中石化胜利石油,中石化胜利石油,中,,按原表企业名保留，未命中已知别名库,1
深圳朗困科技集团,深圳朗困科技集团,中,,按原表企业名保留，未命中已知别名库,1
新力,新力,待核实,,企业名过短或匿名化，需人工复核,1
双红环境,双红环境,中,,按原表企业名保留，未命中已知别名库,1
寒武纪,寒武纪,中,,按原表企业名保留，未命中已知别名库,1
舜宇光学御程集团有限公司,舜宇光学御程集团有限公司,中,,按原表企业名保留，未命中已知别名库,1
宁波市忠实化工工程公司,宁波市忠实化工工程公司,中,,按原表企业名保留，未命中已知别名库,1
终和二三建设有限公司,终和二三建设有限公司,中,,按原表企业名保留，未命中已知别名库,1
奥克斯集团,奥克斯集团,中,,按原表企业名保留，未命中已知别名库,1
牽执国际快级师事务所,牽执国际快级师事务所,中,,按原表企业名保留，未命中已知别名库,1
算能科技,算能科技,中,,按原表企业名保留，未命中已知别名库,1
NVIDIA,NVIDIA,待核实,,纯英文或缩写企业名，需人工复核,1
广东省某985高校,广东省某985高校,中,,按原表企业名保留，未命中已知别名库,1
黑龙江某华电,黑龙江某华电,中,,按原表企业名保留，未命中已知别名库,1
GOLDWIND,GOLDWIND,待核实,,纯英文或缩写企业名，需人工复核,1
哈尔滨特来电,哈尔滨特来电,中,,按原表企业名保留，未命中已知别名库,1
某出创人型机器人应用公司,某出创人型机器人应用公司,中,,按原表企业名保留，未命中已知别名库,1
上海某歌草机器人公司,上海某歌草机器人公司,中,,按原表企业名保留，未命中已知别名库,1
华为外包软通动力,华为,中,https://www.huawei.com/cn/corporate-information,包含华为/HUAWEI关键词,1
内蒙古测成矿业,内蒙古测成矿业,中,,按原表企业名保留，未命中已知别名库,1
中国黄金集团,中国黄金集团,中,,按原表企业名保留，未命中已知别名库,1
包钢集团,包钢集团,中,,按原表企业名保留，未命中已知别名库,1
中石化镇海炼化,中石化镇海炼化,中,,按原表企业名保留，未命中已知别名库,1
新凯来技术有限公司,新凯来技术有限公司,中,,按原表企业名保留，未命中已知别名库,1
西安图为电气,西安图为电气,中,,按原表企业名保留，未命中已知别名库,1
我电头核电技术服务有限公司,我电头核电技术服务有限公司,中,,按原表企业名保留，未命中已知别名库,1
JDL京东,京东,中,https://www.jd.com/,包含京东/JD关键词,1
顺丰,顺丰,待核实,,企业名过短或匿名化，需人工复核,1
南方某铁路局,南方某铁路局,中,,按原表企业名保留，未命中已知别名库,1
中国长江三峡集团,中国长江三峡集团,中,,按原表企业名保留，未命中已知别名库,1
中国华电集团,中国华电集团,中,,按原表企业名保留，未命中已知别名库,1
紫金矿业集团股份有限公司,紫金矿业集团股份有限公司,中,,按原表企业名保留，未命中已知别名库,2
中国非金属材料南京矿山公司,中国非金属材料南京矿山公司,中,,按原表企业名保留，未命中已知别名库,1
新疆有色集团蓝钻锂业,新疆有色集团蓝钻锂业,中,,按原表企业名保留，未命中已知别名库,1
中国华电,中国华电,中,,按原表企业名保留，未命中已知别名库,1
中地数码,中地数码,中,,按原表企业名保留，未命中已知别名库,1
苏宁,苏宁,待核实,,企业名过短或匿名化，需人工复核,1
某互联网公司,某互联网公司,中,,按原表企业名保留，未命中已知别名库,1
屏股份,屏股份,中,,按原表企业名保留，未命中已知别名库,1
格林美,格林美,中,,按原表企业名保留，未命中已知别名库,1
卫龙,卫龙,待核实,,企业名过短或匿名化，需人工复核,1
途虎养车,途虎养车,中,,按原表企业名保留，未命中已知别名库,1
联通数科,联通数科,中,,按原表企业名保留，未命中已知别名库,1
大讯飞,大讯飞,中,,按原表企业名保留，未命中已知别名库,1
广州影子科技有限公司,广州影子科技有限公司,中,,按原表企业名保留，未命中已知别名库,1
京东科技,京东,中,https://www.jd.com/,包含京东/JD关键词,1
长沙某小学,长沙某小学,中,,按原表企业名保留，未命中已知别名库,1
湖南株洲某学校,湖南株洲某学校,中,,按原表企业名保留，未命中已知别名库,1
长沙某高中,长沙某高中,中,,按原表企业名保留，未命中已知别名库,1
中建八局二公司,中建八局二公司,中,,按原表企业名保留，未命中已知别名库,1
中广核某二级子公司,中广核某二级子公司,中,,按原表企业名保留，未命中已知别名库,1
江苏卓胜微电子股份有限公司,江苏卓胜微电子股份有限公司,中,,按原表企业名保留，未命中已知别名库,1
天福信卓单导体分公司,天福信卓单导体分公司,中,,按原表企业名保留，未命中已知别名库,1
牧钢股份,牧钢股份,中,,按原表企业名保留，未命中已知别名库,1
湖北联投,湖北联投,中,,按原表企业名保留，未命中已知别名库,1
招商举务也管理有限公司,招商举务也管理有限公司,中,,按原表企业名保留，未命中已知别名库,1
大众汽车,大众汽车集团,中,https://www.volkswagen-group.com/,包含大众/VOLKSWAGEN关键词,1
东国汽车,东国汽车,中,,按原表企业名保留，未命中已知别名库,1
杭州某网络安全公司,杭州某网络安全公司,中,,按原表企业名保留，未命中已知别名库,1
深圳某显示齐印检公司,深圳某显示齐印检公司,中,,按原表企业名保留，未命中已知别名库,1
杭州某金融科技公司,杭州某金融科技公司,中,,按原表企业名保留，未命中已知别名库,1
自達半導體,自達半導體,中,,按原表企业名保留，未命中已知别名库,1
包圍,包圍,待核实,,企业名过短或匿名化，需人工复核,1
中石化茂名石化,中石化茂名石化,中,,按原表企业名保留，未命中已知别名库,1
新旺达动力科技,新旺达动力科技,中,,按原表企业名保留，未命中已知别名库,1
部立特复合材料,部立特复合材料,中,,按原表企业名保留，未命中已知别名库,1
农夫山泉,农夫山泉,中,,按原表企业名保留，未命中已知别名库,1
牧原,牧原,待核实,,企业名过短或匿名化，需人工复核,1
华测检测,华测检测,中,,按原表企业名保留，未命中已知别名库,1
中牧股份,中牧股份,中,,按原表企业名保留，未命中已知别名库,1
新希望六合,新希望六合,中,,按原表企业名保留，未命中已知别名库,1
航天驭,航天驭,中,,按原表企业名保留，未命中已知别名库,1
时封信念科技,时封信念科技,中,,按原表企业名保留，未命中已知别名库,1
乐具机器人,乐具机器人,中,,按原表企业名保留，未命中已知别名库,1
北京某机器人公司,北京某机器人公司,中,,按原表企业名保留，未命中已知别名库,1
杭州某科技小场,杭州某科技小场,中,,按原表企业名保留，未命中已知别名库,1
中国中铁一局厦门公司,中国中铁一局厦门公司,中,,按原表企业名保留，未命中已知别名库,1
中国铁路哈尔滨局,中国铁路哈尔滨局,中,,按原表企业名保留，未命中已知别名库,1
Lenovo,Lenovo,待核实,,纯英文或缩写企业名，需人工复核,1
创维集团,创维集团,中,,按原表企业名保留，未命中已知别名库,1
中天钢铁,中天钢铁,中,,按原表企业名保留，未命中已知别名库,1
深圳某中小型新材料公司,深圳某中小型新材料公司,中,,按原表企业名保留，未命中已知别名库,1
南方电网,南方电网,中,,按原表企业名保留，未命中已知别名库,2
中化集团下三级子公司,中化集团下三级子公司,中,,按原表企业名保留，未命中已知别名库,1
与渡客车,与渡客车,中,,按原表企业名保留，未命中已知别名库,1
日照序日电子有限公司,日照序日电子有限公司,中,,按原表企业名保留，未命中已知别名库,1
航天科技一院一部,航天科技一院一部,中,,按原表企业名保留，未命中已知别名库,1
闭响汽车,闭响汽车,中,,按原表企业名保留，未命中已知别名库,1
公用电器,公用电器,中,,按原表企业名保留，未命中已知别名库,1
宇视科技,宇视科技,中,,按原表企业名保留，未命中已知别名库,1
华电新疆天山公司,华电新疆天山公司,中,,按原表企业名保留，未命中已知别名库,1
华润电力甘肃公司,华润电力甘肃公司,中,,按原表企业名保留，未命中已知别名库,1
青海国网某市局,青海国网某市局,中,,按原表企业名保留，未命中已知别名库,1
宜化,宜化,待核实,,企业名过短或匿名化，需人工复核,1
武汉建工集团股份有限公司,武汉建工集团股份有限公司,中,,按原表企业名保留，未命中已知别名库,1
深圳安吉尔饮水产业集团,深圳安吉尔饮水产业集团,中,,按原表企业名保留，未命中已知别名库,1
集成电路制造股份有限公司,集成电路制造股份有限公司,中,,按原表企业名保留，未命中已知别名库,1
深圳某半导体设备厂,深圳某半导体设备厂,中,,按原表企业名保留，未命中已知别名库,1
某矿山研究院,某矿山研究院,中,,按原表企业名保留，未命中已知别名库,1
江西业集团公司,江西业集团公司,中,,按原表企业名保留，未命中已知别名库,1
华夏建龙集团,华夏建龙集团,中,,按原表企业名保留，未命中已知别名库,1
山东某三甲医院,山东某三甲医院,中,,按原表企业名保留，未命中已知别名库,1
YangtzeRiverPharmaceuticalGroup,YangtzeRiverPharmaceuticalGroup,待核实,,纯英文或缩写企业名，需人工复核,1
河南省某三甲医院,河南省某三甲医院,中,,按原表企业名保留，未命中已知别名库,1
集成电子股份有限公司,集成电子股份有限公司,中,,按原表企业名保留，未命中已知别名库,1
豪迈科技,豪迈科技,中,,按原表企业名保留，未命中已知别名库,1
掩慌能源集团,掩慌能源集团,中,,按原表企业名保留，未命中已知别名库,1
中国移动,中国移动,中,,按原表企业名保留，未命中已知别名库,1
国家石油天然气管网集团有限公司,国家石油天然气管网集团有限公司,中,,按原表企业名保留，未命中已知别名库,1
河南能源,河南能源,中,,按原表企业名保留，未命中已知别名库,1
中国华电重庆分公司,中国华电重庆分公司,中,,按原表企业名保留，未命中已知别名库,1
宁德时代,宁德时代,中,https://www.catl.com/,常用品牌名,2
大族数控,大族数控,中,,按原表企业名保留，未命中已知别名库,1
药明生物,药明生物,中,,按原表企业名保留，未命中已知别名库,1
中国航空工业集团,中国航空工业集团,中,,按原表企业名保留，未命中已知别名库,1
苏州旭创科技有限公司,苏州旭创科技有限公司,中,,按原表企业名保留，未命中已知别名库,1
星宇股份,星宇股份,中,,按原表企业名保留，未命中已知别名库,1
云南电网有限责任公司,云南电网有限责任公司,中,,按原表企业名保留，未命中已知别名库,1
汤路化成,汤路化成,中,,按原表企业名保留，未命中已知别名库,1
开轮集团,开轮集团,中,,按原表企业名保留，未命中已知别名库,1
中国科学院计算技术研究所,中国科学院计算技术研究所,中,,按原表企业名保留，未命中已知别名库,1
因为达,因为达,中,,按原表企业名保留，未命中已知别名库,1
中建八局北京公司,中建八局北京公司,中,,按原表企业名保留，未命中已知别名库,1
中建八局海外公司,中建八局海外公司,中,,按原表企业名保留，未命中已知别名库,1
刀脉集团,刀脉集团,中,,按原表企业名保留，未命中已知别名库,1
大连第一互感器有限公司,大连第一互感器有限公司,中,,按原表企业名保留，未命中已知别名库,1
长春精密机械有限公司,长春精密机械有限公司,中,,按原表企业名保留，未命中已知别名库,1
江苏某科技合资企业,江苏某科技合资企业,中,,按原表企业名保留，未命中已知别名库,1
沈阳鑫松机器人,沈阳鑫松机器人,中,,按原表企业名保留，未命中已知别名库,1
沈陽編壓器集團,沈陽編壓器集團,中,,按原表企业名保留，未命中已知别名库,1
中国重汽,中国重汽,中,,按原表企业名保留，未命中已知别名库,1
国能建,国能建,中,,按原表企业名保留，未命中已知别名库,1
山东某电场,山东某电场,中,,按原表企业名保留，未命中已知别名库,1
阿里巴巴香港,阿里巴巴集团,中,https://www.alibabagroup.com/about-alibaba,包含阿里巴巴/Alibaba关键词,1
工序香港,工序香港,中,,按原表企业名保留，未命中已知别名库,1
华为诺亚方舟实验室,华为,中,https://www.huawei.com/cn/corporate-information,包含华为/HUAWEI关键词,1
ZTE中兴,中兴通讯,中,https://www.zte.com.cn/,包含中兴/ZTE关键词,1
中国移动通信,中国移动通信,中,,按原表企业名保留，未命中已知别名库,1
绿點科技（深圳）有限公司,绿點科技（深圳）有限公司,中,,按原表企业名保留，未命中已知别名库,1
深圳工业负联,深圳工业负联,中,,按原表企业名保留，未命中已知别名库,1
单费诺科技,单费诺科技,中,,按原表企业名保留，未命中已知别名库,1
宝洁,宝洁,待核实,,企业名过短或匿名化，需人工复核,1
工实化,工实化,中,,按原表企业名保留，未命中已知别名库,1
北京某小型手游公司,北京某小型手游公司,中,,按原表企业名保留，未命中已知别名库,1
某山西大型医药企业北京分公司,某山西大型医药企业北京分公司,中,,按原表企业名保留，未命中已知别名库,1
北京某小型互联网企业,北京某小型互联网企业,中,,按原表企业名保留，未命中已知别名库,1
中国联通,中国联通,中,,按原表企业名保留，未命中已知别名库,1
沈阳为创森,沈阳为创森,中,,按原表企业名保留，未命中已知别名库,1
大连松下电器,大连松下电器,中,,按原表企业名保留，未命中已知别名库,1
东风农机,东风农机,中,,按原表企业名保留，未命中已知别名库,1
大江农业,大江农业,中,,按原表企业名保留，未命中已知别名库,1
中国农业科学院,中国农业科学院,中,,按原表企业名保留，未命中已知别名库,1
康龙化成,康龙化成,中,,按原表企业名保留，未命中已知别名库,1
真顶集团,真顶集团,中,,按原表企业名保留，未命中已知别名库,1
德邦快递,德邦快递,中,,按原表企业名保留，未命中已知别名库,1
中国建设银行,中国建设银行,中,,按原表企业名保留，未命中已知别名库,1
北京城市排水集团,北京城市排水集团,中,,按原表企业名保留，未命中已知别名库,1
公牛集团,公牛集团,中,,按原表企业名保留，未命中已知别名库,1
亨通光电,亨通光电,中,,按原表企业名保留，未命中已知别名库,1
结锐股份,结锐股份,中,,按原表企业名保留，未命中已知别名库,1
大疆科技,大疆,中,https://www.dji.com/cn,包含大疆/DJI关键词,1
中国航空工业集团下属某单位,中国航空工业集团下属某单位,中,,按原表企业名保留，未命中已知别名库,1
西北工业大学,西北工业大学,中,,按原表企业名保留，未命中已知别名库,1
齐鲁制药,齐鲁制药,中,,按原表企业名保留，未命中已知别名库,2
山东太古,山东太古,中,,按原表企业名保留，未命中已知别名库,1
三邦德激光,三邦德激光,中,,按原表企业名保留，未命中已知别名库,1
上海迪凯,上海迪凯,中,,按原表企业名保留，未命中已知别名库,1
长城信息,长城信息,中,,按原表企业名保留，未命中已知别名库,1
成都比亚迪,成都比亚迪,中,,按原表企业名保留，未命中已知别名库,1
中国石化重庆川维化工,中国石化重庆川维化工,中,,按原表企业名保留，未命中已知别名库,1
中海油中海化学,中海油中海化学,中,,按原表企业名保留，未命中已知别名库,1
中石油锦溪石化,中石油锦溪石化,中,,按原表企业名保留，未命中已知别名库,1
小名,小名,待核实,,企业名过短或匿名化，需人工复核,1
信诺利星集团,信诺利星集团,中,,按原表企业名保留，未命中已知别名库,1
北方华锦化学工业集团,北方华锦化学工业集团,中,,按原表企业名保留，未命中已知别名库,1
AHCE INSURANCE,AHCE INSURANCE,待核实,,纯英文或缩写企业名，需人工复核,1
创维数字,创维数字,中,,按原表企业名保留，未命中已知别名库,1
广州菲律斯太阳能,广州菲律斯太阳能,中,,按原表企业名保留，未命中已知别名库,1
烟台节日股份,烟台节日股份,中,,按原表企业名保留，未命中已知别名库,1
苏州电信,苏州电信,中,,按原表企业名保留，未命中已知别名库,1
苏州移动,苏州移动,中,,按原表企业名保留，未命中已知别名库,1
路中校集团,路中校集团,中,,按原表企业名保留，未命中已知别名库,1
中国建筑,中国建筑,中,,按原表企业名保留，未命中已知别名库,1
中力投资集团公司,中力投资集团公司,中,,按原表企业名保留，未命中已知别名库,1
一联宏会生,一联宏会生,中,,按原表企业名保留，未命中已知别名库,1
富海集团,富海集团,中,,按原表企业名保留，未命中已知别名库,1
陕西某国企,陕西某国企,中,,按原表企业名保留，未命中已知别名库,1
智元机器人,智元机器人,中,,按原表企业名保留，未命中已知别名库,1
欣旺达动力（文乌园区）,欣旺达,中,https://www.sunwoda.com/,包含欣旺达/SUNWODA关键词,1
比亚迪汽车,比亚迪汽车,中,,按原表企业名保留，未命中已知别名库,1
中国第一汽车集团公司,中国第一汽车集团公司,中,,按原表企业名保留，未命中已知别名库,1
拓荆科技,拓荆科技,中,,按原表企业名保留，未命中已知别名库,1
比利比利,比利比利,中,,按原表企业名保留，未命中已知别名库,1
MorganStanley 一摩根士丹利,MorganStanley 一摩根士丹利,中,,按原表企业名保留，未命中已知别名库,1
CITADE 财务建模与交易执行二cityIsecurties承保证券 OCCMIICICSMEmS,CITADE 财务建模与交易执行二cityIsecurties承保证券 OCCMIICICSMEmS,中,,按原表企业名保留，未命中已知别名库,1
CTW Securities承保政权,CTW Securities承保政权,中,,按原表企业名保留，未命中已知别名库,1
维理能,维理能,中,,按原表企业名保留，未命中已知别名库,1
新能得,新能得,中,,按原表企业名保留，未命中已知别名库,1
AVB中国,AVB中国,中,,按原表企业名保留，未命中已知别名库,1
北京四中,北京四中,中,,按原表企业名保留，未命中已知别名库,1
深圳中学,深圳中学,中,,按原表企业名保留，未命中已知别名库,1
牧原集团,牧原集团,中,,按原表企业名保留，未命中已知别名库,1
真幸福,真幸福,中,,按原表企业名保留，未命中已知别名库,1
京东集团,京东,中,https://www.jd.com/,包含京东/JD关键词,1
RyteDance,RyteDance,待核实,,纯英文或缩写企业名，需人工复核,1
苏州山母,苏州山母,中,,按原表企业名保留，未命中已知别名库,1
nVIDIA,nVIDIA,待核实,,纯英文或缩写企业名，需人工复核,1
中科院计算技术研究所,中科院计算技术研究所,中,,按原表企业名保留，未命中已知别名库,1
起源实验室,起源实验室,中,,按原表企业名保留，未命中已知别名库,1
DIA,DIA,待核实,,纯英文或缩写企业名，需人工复核,1
