source_row_number,offer_index,school_name,major_name,degree_level,data_year,company_name_raw,company_name_standard,company_verification_status,monthly_salary,annual_bonus,first_year_income,work_content,employment_city,salary_verification_status,credibility,verification_status,issue_codes
4,1,上海大学,计算机,硕士,2025,京东 JD.COM,京东,中,23000,92000,382000,服务端开发工程师,上海,reviewed,中,reviewed,
4,2,上海大学,计算机,硕士,2025,奢品鉴别中心,奢品鉴别中心,中,20000,80000,422000,后端开发工程师,上海,reviewed,中,reviewed,
4,3,上海大学,计算机,硕士,2025,有方道少儿英酒,有方道少儿英酒,中,24000,84000,390000,服务端开发岗,上海,reviewed,中,reviewed,
8,1,北京理工大学,机械工程,硕士,2025,理想汽车,理想汽车,中,26000,104000,416000,结构工程师,北京,reviewed,中,reviewed,
8,2,北京理工大学,机械工程,硕士,2025,小米汽车,小米,中,22000,66000,,电机机械设计工程师,北京,reviewed,中,reviewed,
8,3,北京理工大学,机械工程,硕士,2025,华为,华为,高,24000,80000,,结构工程师,上海,reviewed,中,reviewed,
8,4,北京理工大学,机械工程,硕士,2025,航天9院摩索,航天9院摩索,中,,,250000,结构设计工程师,北京,reviewed,中,reviewed,
10,1,北方工业大学,控制工程,硕士,2026,某特种电源龙头企业,某特种电源龙头企业,中,15000,,,硬件研发工程师,北京,reviewed,中,reviewed,
10,2,北方工业大学,控制工程,硕士,2026,北方集成电路,北方集成电路,中,14000,,220000,设备工程师,北京,reviewed,中,reviewed,
10,3,北方工业大学,控制工程,硕士,2026,中车北京某所,中车北京某所,中,,,180000,硬件研发工程师,北京,reviewed,中,reviewed,
10,4,北方工业大学,控制工程,硕士,2026,中期中电设计院,中期中电设计院,中,8500,,,硬件研发工程师,北京,reviewed,中,reviewed,
11,1,双非大学,计算机专业,本科,2025,ByteDance,字节跳动,中,26000,92000,390000,抖音客户端开发,北京,reviewed,中,reviewed,
11,2,双非大学,计算机专业,本科,2025,快手,快手,中,23000,92000,390000,客户端开发,北京,reviewed,中,reviewed,
11,3,双非大学,计算机专业,本科,2025,地地,地地,待核实,21500,,315000,客户端开发,北京,reviewed,中,reviewed,
11,4,双非大学,计算机专业,本科,2025,芳佩拉斯许家,芳佩拉斯许家,中,20000,80000,320000,后台开发,北京,reviewed,中,reviewed,
12,1,清华大学,计算机专业,博士,2026,字节跳动,字节跳动,高,95000,,2000000,大模型研究员 复杂推理方向,北京,reviewed,中,reviewed,
12,2,清华大学,计算机专业,博士,2026,腾讯,腾讯,高,85000,,1860000,大模型研究员 复杂推理方向,深圳,reviewed,中,reviewed,
14,1,南京邮电大学,通信工程,硕士,2025,OPPO,OPPO,中,25000,,390000,无线算法工程师,南京,reviewed,中,reviewed,
14,2,南京邮电大学,通信工程,硕士,2025,小米,小米,中,27000,,400000,无线算法工程师,北京,reviewed,中,reviewed,
14,3,南京邮电大学,通信工程,硕士,2025,中兴通信,中兴通讯,中,27000,20000,400000,无线算法工程师,深圳,reviewed,中,reviewed,
15,1,广东工业大学,控制工程,硕士,2025,和而泰智能控制,和而泰智能控制,中,27000,,400000,路径算法工程师，负责机器人路径规划算法开发,深圳,reviewed,中,reviewed,
15,2,广东工业大学,控制工程,硕士,2025,大疆,大疆,中,30000,90000,450000,无人机算法岗,深圳,reviewed,中,reviewed,
15,3,广东工业大学,控制工程,硕士,2025,卓育科技,卓育科技,中,28000,80000,410000,嵌入式系统开发工程师,杭州,reviewed,中,reviewed,
18,1,湖南大学,机械工程,硕士,2024,中车湖南株洲,中车湖南株洲,中,12000,,162000,担任结构工程师,株洲,reviewed,中,reviewed,
18,2,湖南大学,机械工程,硕士,2024,三一重工,三一重工,中,15000,,240000,担任结构设计工程师,长沙,reviewed,中,reviewed,
18,3,湖南大学,机械工程,硕士,2024,中联重科,中联重科,中,13000,20000,176000,担任结构工程师,长沙,reviewed,中,reviewed,
20,1,东南大学,电子信息,硕士,2025,江苏电信省直属单位,江苏电信省直属单位,中,12000,,280000,优秀人才计划,江苏,reviewed,中,reviewed,
20,2,东南大学,电子信息,硕士,2025,比亚迪汽车工程院,比亚迪汽车工程院,中,21000,6000,250000,预控机成部高级系统开发工程师,深圳,reviewed,中,reviewed,
20,3,东南大学,电子信息,硕士,2025,中兴,中兴通讯,中,20000,,280000,算法工程师,南京,reviewed,中,reviewed,
24,1,华南理工大学,材料专业,本科,2025,庆元姆斯,庆元姆斯,中,8000,,96000,工作轻松,广东,reviewed,中,reviewed,
24,2,华南理工大学,材料专业,本科,2025,东管姆斯,东管姆斯,中,9000,,126000,加班费另算,广东,reviewed,中,reviewed,
24,3,华南理工大学,材料专业,本科,2025,广州姆斯,广州姆斯,中,8000,,96000,不加班,广州,reviewed,中,reviewed,
24,4,华南理工大学,材料专业,本科,2025,广州姆斯,广州姆斯,中,12000,,144000,公司提供工作餐，工作强度较大，加班严重,广州,reviewed,中,reviewed,
25,1,东北大学,机械,硕士,2025,中航光电,中航光电,中,18000,,294000,重点部门研发,弱阳,reviewed,中,reviewed,
25,2,东北大学,机械,硕士,2025,中国电科28所,中国电科28所,中,20000,,260000,,南京,reviewed,中,reviewed,missing_work_content
25,3,东北大学,机械,硕士,2025,航空工业,航空工业,中,14000,,182000,,,reviewed,中,reviewed,"missing_work_city,missing_work_content"
28,1,北京航空航天大学,工科,博士,2026,西北省份985高校,西北省份985高校,中,,,170000,讲师,西北,reviewed,中,reviewed,
28,2,北京航空航天大学,工科,博士,2026,西安研究所,西安研究所,中,36000,50000,796000,多模态传感器表征语优化设计研究员,西安,reviewed,中,reviewed,
28,3,北京航空航天大学,工科,博士,2026,西安211高校,西安211高校,中,,,180000,讲师,西安,reviewed,中,reviewed,
28,4,北京航空航天大学,工科,博士,2026,北京事业单位,北京事业单位,中,,,320000,提供编制及北京户口,北京,reviewed,中,reviewed,
30,1,北京理工大学,控制科学与工程,硕士,2025,小红书,小红书,中,37000,,616000,搜推算法工程师,北京,reviewed,中,reviewed,
30,2,北京理工大学,控制科学与工程,硕士,2025,航天科技第五研究院总体部,航天科技第五研究院总体部,中,,,300000,,北京,reviewed,中,reviewed,missing_work_content
30,3,北京理工大学,控制科学与工程,硕士,2025,京东,京东,中,35000,,500000,物流算法岗,北京,reviewed,中,reviewed,
31,1,四川某双非,机械工程,硕士,2024,,,待核实,8000,,,倒班，需上夜班,,reviewed,待核实,pending,"missing_company,missing_work_city"
31,2,四川某双非,机械工程,硕士,2024,中国石油,中国石油,中,,1800,100000,需上夜班,边疆某油田,reviewed,中,reviewed,
31,3,四川某双非,机械工程,硕士,2024,中国石化SINOPEC,中国石化SINOPEC,中,10000,2200,150000,需上夜班,某炼化厂,reviewed,中,reviewed,
31,4,四川某双非,机械工程,硕士,2024,,,待核实,8000,2600,,大专院校教师，周一周二上课，其余时间可支配,老家市区,reviewed,待核实,pending,missing_company
34,1,深圳大学,电子信息,博士,2026,大疆创新,大疆,中,48000,120000,800000,信号处理算法工程师,深圳,reviewed,中,reviewed,
34,2,深圳大学,电子信息,博士,2026,开立医疗,开立医疗,中,36000,144000,720000,信号处理算法工程师，负责超声信号算法设计、处理、改进及仿真人验证,深圳,reviewed,中,reviewed,
34,3,深圳大学,电子信息,博士,2026,飞利浦,飞利浦,中,36000,60000,560000,医学影像处理算法工程师,苏州,reviewed,中,reviewed,
36,1,杭州电子科技大学,计算机,硕士,2026,bilibili,哔哩哔哩,中,35000,105000,522000,推荐算法岗位,上海,reviewed,中,reviewed,
36,2,杭州电子科技大学,计算机,硕士,2026,aaaouc,aaaouc,待核实,35000,,550000,推荐算法岗,上海,reviewed,中,reviewed,
36,3,杭州电子科技大学,计算机,硕士,2026,美团,美团,中,37000,105000,650000,推荐算法岗位,上海,reviewed,中,reviewed,
37,1,武汉大学,集成电路,硕士,2026,华为,华为,高,28000,,336000,模拟IC设计工程师,上海,reviewed,中,reviewed,
37,2,武汉大学,集成电路,硕士,2026,盛邦威电子,盛邦威电子,中,29000,,464000,模拟IC设计,苏州,reviewed,中,reviewed,
37,3,武汉大学,集成电路,硕士,2026,心动科技,心动科技,中,25000,,350000,模拟IC设计,武汉,reviewed,中,reviewed,
37,4,武汉大学,集成电路,硕士,2026,男薪半导体,男薪半导体,中,30000,120000,492000,模拟IC设计,上海,reviewed,中,reviewed,
39,1,北京航空航天大学,控制工程,硕士,2026,百度,百度,中,32000,130000,550000,车辆智能控制算法工程师,北京,reviewed,中,reviewed,
39,2,北京航空航天大学,控制工程,硕士,2026,滴滴,滴滴,中,35000,120000,600000,控制算法工程师,上海,reviewed,中,reviewed,
39,3,北京航空航天大学,控制工程,硕士,2026,京东,京东,中,38000,125000,650000,自驾轨迹预测算法工程师,北京,reviewed,中,reviewed,
40,1,西南交通大学,计算机,硕士,2025,SAP 赛普,SAP 赛普,中,17000,230000,230000,后端开发,成都,reviewed,中,reviewed,
40,2,西南交通大学,计算机,硕士,2025,马以集团,马以集团,中,25000,,650000,后端开发,成都,reviewed,中,reviewed,
40,3,西南交通大学,计算机,硕士,2025,京东,京东,中,24000,,465000,研发,成都,reviewed,中,reviewed,
40,4,西南交通大学,计算机,硕士,2025,美团,美团,中,26000,87500,483000,后端开发,成都,reviewed,中,reviewed,
41,1,广东工业大学,机械专业,本科,2016,广汽集团,广汽集团,中,7500,,120000,机械工程师,,pending,中,reviewed,"data_year_suspect,missing_work_city"
41,2,广东工业大学,机械专业,本科,2016,,,待核实,15000,,210000,汽车电子软件工程师,,pending,待核实,pending,"data_year_suspect,missing_company,missing_work_city"
41,3,广东工业大学,机械专业,本科,2016,,,待核实,23000,,320000,BMS电池管理系统工程师,,pending,待核实,pending,"data_year_suspect,missing_company,missing_work_city"
42,1,中国地质大学,计算机,硕士,2025,长江存储,长江存储,中,16000,32000,315000,固件开发工程师,武汉,reviewed,中,reviewed,
42,2,中国地质大学,计算机,硕士,2025,迈瑞,迈瑞医疗,中,22000,44000,320000,软件开发工程师,深圳,reviewed,中,reviewed,
42,3,中国地质大学,计算机,硕士,2025,海康盈石,海康盈石,中,26000,78000,350000,开发工程师,深圳,reviewed,中,reviewed,
44,1,湖南大学,控制工程、机械工程、材料工程、计算机,硕士,2025,小鹏汽车,小鹏汽车,中,30000,90000,450000,机器人运动控制算法工程师,广州,reviewed,中,reviewed,
44,2,湖南大学,控制工程、机械工程、材料工程、计算机,硕士,2025,华为,华为,高,24000,,350000,结构设计工程师,东莞,reviewed,中,reviewed,
44,3,湖南大学,控制工程、机械工程、材料工程、计算机,硕士,2025,比亚迪,比亚迪,中,16000,9600,205000,商用車研究院辨識研發,长沙,reviewed,中,reviewed,
44,4,湖南大学,控制工程、机械工程、材料工程、计算机,硕士,2025,元龙企行,元龙企行,中,34000,,500000,工程师,深圳,reviewed,中,reviewed,
45,1,清华大学,物理,博士,2026,中芯国际,中芯国际,中,27000,240000,600000,,,reviewed,中,reviewed,"missing_work_city,missing_work_content"
45,2,清华大学,物理,博士,2026,北方华创,北方华创,中,27000,,450000,工业工程师,北京,reviewed,中,reviewed,
45,3,清华大学,物理,博士,2026,211高校,211高校,中,,,180000,副教授,老家中副省份省会,reviewed,中,reviewed,
46,1,同济大学,车辆工程,硕士,2025,VOLKSWAGEN,大众汽车集团,中,16000,48000,306000,核心项目嵌入式岗,合肥,reviewed,中,reviewed,
46,2,同济大学,车辆工程,硕士,2025,华为,华为,高,23000,80000,356000,自动驾驶算法嵌入式开发岗,上海,reviewed,中,reviewed,
46,3,同济大学,车辆工程,硕士,2025,新凯来,新凯来,中,24000,48000,336000,控制算法岗,深圳,reviewed,中,reviewed,
47,1,三所211大学,微电子硕士,硕士,2026,大疆创新,大疆,中,46000,300000,700000,单芯片设计实现工程师,上海,reviewed,中,reviewed,
47,2,三所211大学,微电子硕士,硕士,2026,地平线,地平线,中,45000,300000,720000,芯片设计工程师,北京,reviewed,中,reviewed,
47,3,三所211大学,微电子硕士,硕士,2026,海光信息技术,海光信息技术,中,38000,320000,700000,芯片设计实现,苏州,reviewed,中,reviewed,
48,1,北京航空航天大学,机器人,博士,2025,小米,小米,中,38000,,770000,机器人算法岗,北京,reviewed,中,reviewed,
48,2,北京航空航天大学,机器人,博士,2025,比亚迪股份有限公司,比亚迪股份有限公司,中,48000,100000,700000,机器人算发岗,深圳,reviewed,中,reviewed,
48,3,北京航空航天大学,机器人,博士,2025,语数科技,语数科技,中,55000,168000,840000,担任机器人算发工程师,航周,reviewed,中,reviewed,
54,1,武汉理工大学,机械工程,硕士,2025,迈瑞,迈瑞医疗,中,19000,,266000,机械开发工程师,深圳,reviewed,中,reviewed,
54,2,武汉理工大学,机械工程,硕士,2025,联影,联影医疗,中,18500,46200,269000,机械工程师,武汉,reviewed,中,reviewed,
54,3,武汉理工大学,机械工程,硕士,2025,比亚迪汽车工业有限公司,比亚迪汽车工业有限公司,中,17000,,200000,整车技术研发,深圳,reviewed,中,reviewed,
56,1,北京科技大学,材料科学与工程,硕士,2025,特斯拉中国,特斯拉中国,中,22000,100000,600000,电池系统工程师，主要负责动力电池系统的设计与优化工作,上海,reviewed,中,reviewed,
56,2,北京科技大学,材料科学与工程,硕士,2025,中国钢研科技集团,中国钢研科技集团,中,9500,25000,214000,材料工业研究员，主要负责特种钢材的研发与工业优化工作,北京,reviewed,中,reviewed,
56,3,北京科技大学,材料科学与工程,硕士,2025,第一的时代,第一的时代,中,18000,,354000,电池材料研发工程师，主要负责新型锂电池材料的开发与测试工作,宁德,reviewed,中,reviewed,
57,1,华南理工大学,机械设计制造及其自动化,本科,2025,比亚迪股份有限公司,比亚迪股份有限公司,中,11000,,173000,新能源汽车零部件研发工程师,深圳,reviewed,中,reviewed,
57,2,华南理工大学,机械设计制造及其自动化,本科,2025,未知,未知,待核实,20000,40000,208000,加电产品结构设计师,博山,reviewed,中,reviewed,
57,3,华南理工大学,机械设计制造及其自动化,本科,2025,未知,未知,待核实,10000,20000,160000,汽车制造工业，主要参与汽车生产供应链优化,广州,reviewed,中,reviewed,
63,1,北京航空航天大学,飞行器设计,硕士,2025,波音中国分公司,波音中国分公司,中,28000,150000,,担任结构强度工程师，主要负责飞机结构强度信息与适航认证工作,天津,reviewed,中,reviewed,
63,2,北京航空航天大学,飞行器设计,硕士,2025,中国商飞,中国商飞,中,21000,,386000,担任气动设计工程师，主要负责飞行器气动外形优化与性能分析的工作,上海,reviewed,中,reviewed,
63,3,北京航空航天大学,飞行器设计,硕士,2025,航天科技集团,航天科技集团,中,12000,60000,288000,担任总体设计工程师，主要负责运载火箭总体方案更正与系统集成工作,北京,reviewed,中,reviewed,
65,1,电子科技大学,计算机科学与技术,硕士,2025,sensetime,商汤科技,中,12500,,205000,主要协助完成算法的落地优化工作,北京,reviewed,中,reviewed,
65,2,电子科技大学,计算机科学与技术,硕士,2025,华为,华为,高,13000,30000,220000,主要负责参与基础软件模块的开发与测试工作,东莞松山湖基地,reviewed,中,reviewed,
67,1,华中科技大学,能源与动力工程,硕士,2025,中国航天科工集团,中国航天科工集团,中,12000,40000,284000,热能动力工程师，主要负责航天器热控系统设计优化工作,北京,reviewed,中,reviewed,
67,2,华中科技大学,能源与动力工程,硕士,2025,赢得时代,赢得时代,中,21000,40000,430000,电池系统工程师，主要负责动力电池热管理及能量优化,宁德,reviewed,中,reviewed,
67,3,华中科技大学,能源与动力工程,硕士,2025,特斯拉中国,特斯拉中国,中,24000,120000,650000,能源系统工程师，主要负责储能系统集成优化工作,上海,reviewed,中,reviewed,
69,1,中南大学,机械工程,硕士,2025,特斯拉中国,特斯拉中国,中,22000,,450000,自动化产线工程师，负责生产线优化改造,上海,reviewed,中,reviewed,
69,2,中南大学,机械工程,硕士,2025,三一重工,三一重工,中,18000,,300000,智能制造工程师，主要负责工程机械智能化产线改造升级,长沙,reviewed,中,reviewed,
69,3,中南大学,机械工程,硕士,2025,中国冰淇工业集团,中国冰淇工业集团,中,12000,,220000,武器装备研发工程师,北京,reviewed,中,reviewed,
72,1,厦门大学,材料科学与工程,博士,2025,上海市场监督管理局,上海市场监督管理局,中,13000,60000,450000,产品质量安全监督管理司技术员，负责重点材料产品缺陷调查以及新材料市场准入等工作,上海,reviewed,中,reviewed,
72,2,厦门大学,材料科学与工程,博士,2025,不要集团,不要集团,中,35000,,680000,担任高级研发工程师，负责新型汽车玻璃材料开发和玻璃表面功能化技术研发的工作,福州,reviewed,中,reviewed,
72,3,厦门大学,材料科学与工程,博士,2025,天能电池,天能电池,中,40000,160000,900000,电池研发工程师，负责亲燃料电池催化机制子膜固态电池界面优化会收材料高制化利用等工作,不周,reviewed,中,reviewed,
73,1,中国海洋大学,电子信息,硕士,2025,比亚迪股份有限公司,比亚迪股份有限公司,中,13000,,220000,软件开发工程师,深圳,reviewed,中,reviewed,
73,2,中国海洋大学,电子信息,硕士,2025,歌尔科技,歌尔科技,中,17000,,240000,Java开发工程师,青岛,reviewed,中,reviewed,
73,3,中国海洋大学,电子信息,硕士,2025,担心,担心,待核实,18000,,250000,招挖开发工程师,青岛,reviewed,中,reviewed,
74,1,中科技大学,通信工程,硕士,2015,华为,华为,高,18000,72000,288000,算法优化工程师,,pending,中,reviewed,"data_year_suspect,missing_work_city"
74,2,中科技大学,通信工程,硕士,2015,华为,华为,高,20000,80000,370000,算法优化工程师,,pending,中,reviewed,"data_year_suspect,missing_work_city"
74,3,中科技大学,通信工程,硕士,2015,华为,华为,高,26000,120000,488000,算法优化工程师,,pending,中,reviewed,"data_year_suspect,missing_work_city"
74,4,中科技大学,通信工程,硕士,2015,华为,华为,高,30000,180000,660000,算法优化工程师,,pending,中,reviewed,"data_year_suspect,missing_work_city"
77,1,清华大学,电子工程系,博士,2025,DAMO ACADEMY,阿里巴巴达摩院,中,85000,,2200000,主攻量子计算纠错编码,杭州,reviewed,中,reviewed,
77,2,清华大学,电子工程系,博士,2025,华为2012实验室,华为,中,68000,,1800000,主攻6G通信原型系统开发,深圳,reviewed,中,reviewed,
77,3,清华大学,电子工程系,博士,2025,英伟达中国,英伟达中国,中,95000,,3000000,库的价格优化项目,上海,pending,中,reviewed,first_year_income_suspect
78,1,哈尔滨工业大学,电子信息,博士,2025,中国航天科技集团公司,中国航天科技集团公司,中,,,300000,通信与导航卫星总体部,北京,reviewed,中,reviewed,
78,2,哈尔滨工业大学,电子信息,博士,2025,华为北京研究所,华为,中,47500,200000,920000,AI人工智能系统研究员,北京,reviewed,中,reviewed,
78,3,哈尔滨工业大学,电子信息,博士,2025,理想汽车,理想汽车,中,60000,200000,1120000,通用感知研发端道端算法模型设计研发和工程落定,北京,reviewed,中,reviewed,
79,1,南京航空航天大学,计算机,硕士,2025,国家电网 STATEGRID 国网江苏省电力公司,国家电网 STATEGRID 国网江苏省电力公司,中,,,220000,汽车电子软件开发工程师,苏州,reviewed,中,reviewed,
79,2,南京航空航天大学,计算机,硕士,2025,中心通讯南京研发中心,中心通讯南京研发中心,中,23000,,350000,5G协议站开发工程师,南京,reviewed,中,reviewed,
80,1,哈尔滨工业大学,机器人方向,硕士,2025,吉利汽车,吉利汽车,中,19000,57000,250000,智能驾驶硬件工程师,宁波,reviewed,中,reviewed,
80,2,哈尔滨工业大学,机器人方向,硕士,2025,航天科技医院,航天科技医院,中,,,300000,总体设计岗,北京,reviewed,中,reviewed,
80,3,哈尔滨工业大学,机器人方向,硕士,2025,苏州园区某高中,苏州园区某高中,中,8000,60000,200000,物理老师,苏州,reviewed,中,reviewed,
81,1,南京理工大学,材料工程,硕士,2025,中航光电,中航光电,中,,,160000,研发工程师,洛阳,reviewed,中,reviewed,
81,2,南京理工大学,材料工程,硕士,2025,长江存储,长江存储,中,14000,25000,263000,工艺整合岗,武汉,reviewed,中,reviewed,
82,1,上海工程技术大学,机械,硕士,2026,奇瑞汽,奇瑞汽,中,5000,,65000,底层开发,芜湖,reviewed,中,reviewed,
82,2,上海工程技术大学,机械,硕士,2026,汇川技术,汇川技术,中,13000,39000,,嵌入式软件开发,苏州,reviewed,中,reviewed,
82,3,上海工程技术大学,机械,硕士,2026,杭州海星电力,杭州海星电力,中,13000,,169000,嵌入式软件开发,杭州,reviewed,中,reviewed,
83,1,北京邮电大学,电子商务,本科,2026,美的集团,美的集团,中,8000,10000,180000,电商运营管理，负责管理美的天猫、京东官方旗舰店运营,佛山,reviewed,中,reviewed,
83,2,北京邮电大学,电子商务,本科,2026,永辉超市,永辉超市,中,7000,20000,110000,电商运营专员，负责管理用灰生活APP 小程序 商品上架及促销策划,福州,reviewed,中,reviewed,
83,3,北京邮电大学,电子商务,本科,2026,小红书,小红书,中,15000,40000,200000,电商运营管理，主要负责平台商家招募 管理与复能提升商家活跃度和销售业绩,上海,reviewed,中,reviewed,
85,1,北京航空航天大学,航天工程,博士,2025,中国航空发动机集团,中国航空发动机集团,中,13000,50000,240000,航空发动机设计师,北京,reviewed,中,reviewed,
85,2,北京航空航天大学,航天工程,博士,2025,中国商飞,中国商飞,中,16000,,320000,C929大飞机结构工程师,上海,reviewed,中,reviewed,
86,1,广东工业大学,机械,硕士,2025,SUNWODA,欣旺达,中,15000,,210000,结构设计岗,深圳,reviewed,中,reviewed,
86,2,广东工业大学,机械,硕士,2025,GREE格力,GREE格力,中,18000,12000,216000,伺服电机驱动器硬件工程师,珠海,reviewed,中,reviewed,
86,3,广东工业大学,机械,硕士,2025,EOOMN,EOOMN,待核实,16000,,208000,电视机顶盒研发,深圳,reviewed,中,reviewed,
88,1,吉林大学,化学专业,博士,2025,中国实话,中国实话,中,22000,60000,350000,研发工程师，负责新型催化计开发、石油链制新技术和环保技术的科研项目,北京,reviewed,中,reviewed,
88,2,吉林大学,化学专业,博士,2025,,,待核实,33000,68000,650000,产品研发人员，可独立或领导小型团队开展实验研究,上海,reviewed,待核实,pending,missing_company
88,3,吉林大学,化学专业,博士,2025,,,待核实,30000,180000,480000,高级科学家，设计并合成新型小分子药物候选化合物,苏州,reviewed,待核实,pending,missing_company
89,1,杭州电子科技大学,通信工程,硕士,2025,海康威视,海康威视,中,18000,,270000,软件开发工程师,杭州,reviewed,中,reviewed,
89,2,杭州电子科技大学,通信工程,硕士,2025,华为,华为,高,20000,,300000,软件开发工程师,上海,reviewed,中,reviewed,
89,3,杭州电子科技大学,通信工程,硕士,2025,浙江某央企,浙江某央企,中,,,180000,通信网络工程师,浙江,reviewed,中,reviewed,
90,1,西北工业大学,材料科学与工程,硕士,2025,中国宝武钢铁集团有限公司,中国宝武钢铁集团有限公司,中,14000,,236000,先进钢铁材料研发工程师,上海,reviewed,中,reviewed,
90,2,西北工业大学,材料科学与工程,硕士,2025,赢的时代,赢的时代,中,18000,80000,350000,动力电池材料研发工程师,宁德,reviewed,中,reviewed,
90,3,西北工业大学,材料科学与工程,硕士,2025,中国航发北京航空材料研究院,中国航发北京航空材料研究院,中,13000,60000,220000,航空新材料研发工程师,北京,reviewed,中,reviewed,
91,1,山东大学,机械工程,硕士,2025,中国兵器工业集团 NORINCOGROUP,中国兵器工业集团 NORINCOGROUP,中,8000,50000,146000,工艺工程师，主要负责武器装备的制造工艺与改进,北京,reviewed,中,reviewed,
91,2,山东大学,机械工程,硕士,2025,一重工,一重工,中,20000,,340000,机械设计工程师，主要负责工程机械产品的结构设计与优化,长沙,reviewed,中,reviewed,
91,3,山东大学,机械工程,硕士,2025,新闻子中国,新闻子中国,中,24000,280000,660000,自动化工程师，主要负责工业自动化系统的设计调试,上海,reviewed,中,reviewed,
92,1,天津大学,化工,硕士,2025,中国石化,中国石化,中,9500,60000,214000,研发工程师，主要负责新材料研发与工业化应用,北京,reviewed,中,reviewed,
92,2,天津大学,化工,硕士,2025,万华化学集团,万华化学集团,中,18000,36000,318000,工艺工程师，主要负责化工产线优化与工业改进的工作,宁波,reviewed,中,reviewed,
92,3,天津大学,化工,硕士,2025,八四驳中国,八四驳中国,中,22000,80000,452000,工业安全工程师，主要负责化工生产安全管理体系,上海,reviewed,中,reviewed,
93,1,广东工业大学,通信工程,硕士,2025,Midea,美的集团,中,11000,,160000,解决方案工程师，直接面对客户的需求用公司已有的产品组合出一套能满足客户需求的方案然后向客户推销方案,佛山,reviewed,中,reviewed,
93,2,广东工业大学,通信工程,硕士,2025,中国电信,中国电信,中,,,150000,通信网络工程师，工作稳定，基本不加班，工作压力小,佛山,reviewed,中,reviewed,
93,3,广东工业大学,通信工程,硕士,2025,中国能建,中国能建,中,,,150000,生产运营岗,广州,reviewed,中,reviewed,
94,1,蓝州理工大学,机械设计制造及其自动化,本科,2026,成都某企业,成都某企业,中,4700,,56400,伺服电机助理工程师,成都,reviewed,中,reviewed,
94,2,蓝州理工大学,机械设计制造及其自动化,本科,2026,杭州某公控企业,杭州某公控企业,中,12000,30000,156000,电机电磁工程师,杭州,reviewed,中,reviewed,
94,3,蓝州理工大学,机械设计制造及其自动化,本科,2026,深圳某机器人企业,深圳某机器人企业,中,42000,126000,600000,未明确说明，但可能与电机相关,深圳,reviewed,中,reviewed,
95,1,南京理工大学,自动化,硕士,2025,中国电子科技集团公司第十四研究所,中国电子科技集团公司第十四研究所,中,11000,40000,262000,雷达系统工程师,南京,reviewed,中,reviewed,
95,2,南京理工大学,自动化,硕士,2025,,,待核实,22000,,450000,飞控算法工程师,深圳,reviewed,待核实,pending,missing_company
95,3,南京理工大学,自动化,硕士,2025,特斯拉中国,特斯拉中国,中,25000,300000,750000,自动价值算法工程师,上海,reviewed,中,reviewed,
96,1,中国地质大学,计算机,硕士,2025,,,待核实,15000,,224000,嵌入式软件工程师,武汉,reviewed,待核实,pending,missing_company
96,2,中国地质大学,计算机,硕士,2025,长江存储,长江存储,中,15500,24000,320000,固件开发工程师,武汉,reviewed,中,reviewed,
96,3,中国地质大学,计算机,硕士,2025,影视因斯打360,影视因斯打360,中,27000,81000,405000,嵌入式开发,深圳,reviewed,中,reviewed,
97,1,清华大学,计算机专业,硕士,2025,中国电子科技集团,中国电子科技集团,中,16000,50000,280000,"政策研究员, 主要负责网络安全升级购件与防护, 数据安全治理等工作",北京,reviewed,中,reviewed,
97,2,清华大学,计算机专业,硕士,2025,百度,百度,中,24000,96000,495000,"大数据工程师, 主要负责数据基建与平台的开发和建设",深圳,reviewed,中,reviewed,
97,3,清华大学,计算机专业,硕士,2025,亚马逊中国,亚马逊中国,中,28000,350000,890000,"云计算工程师, 主要负责云基础设施开发和云原生服务的购件",北京,reviewed,中,reviewed,
99,1,新疆大学,化学专业,本科,2025,乌鲁武器实化公司,乌鲁武器实化公司,中,6000,,130000,化工操作工，负责在中控室监控炼油装置的DCS系统调节温度、压力、流量参数,新疆,reviewed,中,reviewed,
99,2,新疆大学,化学专业,本科,2025,维吾尔药业,维吾尔药业,中,4000,,90000,医药代表，向医生推广维吾尔药业产品,新疆,reviewed,中,reviewed,
99,3,新疆大学,化学专业,本科,2025,新疆中泰化学,新疆中泰化学,中,5000,20000,90000,实验员，对原材料、中间品、成品进行检测,新疆,reviewed,中,reviewed,
100,1,中国地质大学,测绘工程,硕士,2025,上海建工集团,上海建工集团,中,13000,,176000,负责外业数据采集与处理,上海,reviewed,中,reviewed,
100,2,中国地质大学,测绘工程,硕士,2025,中国电建集团北京勘测设计研究院有限公司,中国电建集团北京勘测设计研究院有限公司,中,15000,,195000,负责外业数据采集与处理,北京,reviewed,中,reviewed,
100,3,中国地质大学,测绘工程,硕士,2025,南京银行,南京银行,中,12000,,163000,,上海,reviewed,中,reviewed,missing_work_content
102,1,福州大学,材料工程,硕士,2025,芯片龙头企业,芯片龙头企业,中,21000,,300000,TSE测试方案工程师，深入了解客户需求与市场动态,深圳,reviewed,中,reviewed,
102,2,福州大学,材料工程,硕士,2025,京东,京东,中,15000,,300000,采销岗位，主要负责商品采购,北京,reviewed,中,reviewed,
102,3,福州大学,材料工程,硕士,2025,深圳某存储外企,深圳某存储外企,中,15000,,200000,大客户销售,深圳,reviewed,中,reviewed,
103,1,北京理工大学,机械工程,硕士,2025,中国航天科技集团,中国航天科技集团,中,9000,30000,138000,担任航天装备设计师，主要参与航天器结构设计与性能优化工作,北京,reviewed,中,reviewed,
103,2,北京理工大学,机械工程,硕士,2025,重工,重工,待核实,15000,,290000,智能制造工程师，负责智能工厂的自动化生产及设备研发工作,长沙,reviewed,中,reviewed,
103,3,北京理工大学,机械工程,硕士,2025,特斯拉中国,特斯拉中国,中,20000,80000,480000,新能源汽车研发工程师，负责电池系统优化与整车动力性能提升工作,上海,reviewed,中,reviewed,
104,1,华东理工大学,光学工程,硕士,2025,上海电气,上海电气,中,9500,,140000,工艺工程师，主要负责激光加工设备的技术改进,上海,reviewed,中,reviewed,
104,2,华东理工大学,光学工程,硕士,2025,华为,华为,高,18000,30000,380000,光通信工程师，主要负责5G光模块研发与测试,上海,reviewed,中,reviewed,
106,1,北京化工大学,冶金工程,硕士,2025,中国五矿 MINMETALS,中国五矿 MINMETALS,中,7500,,132000,矿产资源研究员,北京,reviewed,中,reviewed,
106,2,北京化工大学,冶金工程,硕士,2025,宝武钢铁集团有限公司,宝武钢铁集团有限公司,中,11000,18000,195000,冶金工艺工程师,上海,reviewed,中,reviewed,
106,3,北京化工大学,冶金工程,硕士,2025,中国分公司,中国分公司,中,13000,50000,250000,冶金材料研发工程师,南京、上海,reviewed,中,reviewed,
110,1,南方科技大学,电子信息,硕士,2025,中国电子科技集团,中国电子科技集团,中,14000,12000,250000,射频芯片工程师，确保无线通信功能的实现和性能优化,深圳,reviewed,中,reviewed,
110,2,南方科技大学,电子信息,硕士,2025,华为,华为,高,18000,30000,350000,芯片设计工程师，主要负责芯片架构设计、TL实现与验证，持续关注低功耗设计，协同物理实现及归后调试等工作,深圳,reviewed,中,reviewed,
110,3,南方科技大学,电子信息,硕士,2025,中兴通讯,中兴通讯,中,16000,25000,270000,基站工程师，主要负责基站的建设维护和管理工作，具体包括基站设备的安装、调试、日常巡检和故障排除等,深圳,reviewed,中,reviewed,
111,1,湖北工业大学,软件工程,本科,2025,格创东智,格创东智,中,9500,,140000,软件实施工程师，主要负责软件项目的实施、交付和维护等工作,武汉,reviewed,中,reviewed,
111,2,湖北工业大学,软件工程,本科,2025,中国海油,中国海油,中,7500,,180000,海外运营岗，主要集中在数字化平台运营、数据分析及技术协同支持等领域,需要出差东南亚,reviewed,中,reviewed,
111,3,湖北工业大学,软件工程,本科,2025,乌鲁木齐银行,乌鲁木齐银行,中,6500,,100000,数据分析岗，主要负责参与数据清洗、模型构建、数据仓库维护等工作，推动数据标准化和质量提升,乌鲁木齐,reviewed,中,reviewed,
116,1,哈尔滨工业大学,焊接技术与工程,本科,2026,大连船舶重工集团有限公司,大连船舶重工集团有限公司,中,8000,30000,150000,焊接工艺员，主要负责制定焊接工艺流程，提供生产技术支持，跟踪焊接质量以及优化工艺方案,大连,reviewed,中,reviewed,
116,2,哈尔滨工业大学,焊接技术与工程,本科,2026,中国航天科技集团公司,中国航天科技集团公司,中,11000,30000,210000,焊接工艺工程师，主要负责焊接工艺规程的制定与优化，焊接质量控制及技术支持等工作,北京,reviewed,中,reviewed,
116,3,哈尔滨工业大学,焊接技术与工程,本科,2026,哈尔滨某公司,哈尔滨某公司,中,8000,30000,170000,焊接工艺员，主要根据产品需求如铁路零部件的高温高压环境设计焊接工艺，选择合适的焊接材料方法及参数，并持续优化工艺流程，以提升效率和可靠性,哈尔滨,reviewed,中,reviewed,
120,1,清华大学,金融,硕士,2025,中国工商银行总行,中国工商银行总行,中,15000,80000,260000,金融市场研究院，主要负责宏观经济分析与金融市场趋势研究的工作,北京,reviewed,中,reviewed,
120,2,清华大学,金融,硕士,2025,高盛中国,高盛中国,中,30000,,645000,投行分析师，主要负责企业融资并购重组等项目的分析与执行工作,香港,reviewed,中,reviewed,
120,3,清华大学,金融,硕士,2025,博士顿资讯,博士顿资讯,中,35000,,920000,战略顾问，主要负责为企业制定发展战略与业务优化方案,上海,reviewed,中,reviewed,
122,1,哈尔滨工业大学,测控仪器,硕士,2025,理想汽车,理想汽车,中,32000,,510000,FPGA开发工程师，主要负责EMC FPGA开发及大规模车规SOC原型验证的工作,北京,reviewed,中,reviewed,
122,2,哈尔滨工业大学,测控仪器,硕士,2025,中国航天,中国航天,中,24000,,320000,总体设计工程师，主要从事航天器的总体设计工作,北京,reviewed,中,reviewed,
122,3,哈尔滨工业大学,测控仪器,硕士,2025,大华股份,大华股份,中,26000,,390000,FPGA开发工程师，主要负责机器人行走算法开发与实现,杭州,reviewed,中,reviewed,
126,1,中国科学技术大学,信息安全,硕士,2025,阿里云,阿里云,中,22000,150000,420000,安全技术工程师，主要负责云平台安全防护体系的优化和漏洞修复,杭州,reviewed,中,reviewed,
126,2,中国科学技术大学,信息安全,硕士,2025,HUAWEI,华为,中,20000,,370000,安全架构师，主要负责网络安全机制设计和防护方案制定,深圳,reviewed,中,reviewed,
126,3,中国科学技术大学,信息安全,硕士,2025,中国航天科技集团,中国航天科技集团,中,10000,30000,250000,航天信息安全补偿师，主要负责航天系统的数据安全保障和加密技术运用,北京,reviewed,中,reviewed,
127,1,上海财经大学,工商管理,本科,2025,中国人寿,中国人寿,中,5000,20000,130000,制定区域保险产品推广策划，分析市场数据,合肥,reviewed,中,reviewed,
127,2,上海财经大学,工商管理,本科,2025,万科企业股份有限公司,万科企业股份有限公司,中,8000,32000,150000,房地产项目的开发全周期管理，制定项目计划，控制进度、成本和质量,不稳定,reviewed,中,reviewed,
127,3,上海财经大学,工商管理,本科,2025,中国农业银行,中国农业银行,中,6000,40000,120000,信贷风险管理，公司业务和个人金融顾问轮岗，白天跑客户，晚上写报告,合肥,reviewed,中,reviewed,
129,1,广东工业大学,计算机,本科,2025,中国电信 CHINATELECOM,中国电信 CHINATELECOM,中,8000,20000,164000,系统运维工程师,广州,reviewed,中,reviewed,
129,2,广东工业大学,计算机,本科,2025,,,待核实,18000,36000,252000,服务端开发工程师，主要负责分析并改善程序性能,深圳,reviewed,待核实,pending,missing_company
129,3,广东工业大学,计算机,本科,2025,腾讯,腾讯,高,16000,10000,238000,后端开发工程师，主要负责同讯产品后台系统设计与开发 支持高并发业务场景,广州,reviewed,中,reviewed,
133,1,山东大学,数学专业,博士,2025,习锐汽车,习锐汽车,中,22000,60000,420000,自动驾驶决策、规划等核心算法的研发,芜湖,reviewed,中,reviewed,
133,2,山东大学,数学专业,博士,2025,科大讯飞,科大讯飞,中,28000,77000,520000,针对现有模型的局限性从数学层面进行抛弃，并提出改进方案，参与或主导下一代AI模型的设计等工作,合肥,reviewed,中,reviewed,
133,3,山东大学,数学专业,博士,2025,山东国家应用数学中心,山东国家应用数学中心,中,15000,50000,340000,在合作导师的指导下申请科研项目，开展人工智能基础理论的深入研究,济南,reviewed,中,reviewed,
134,1,中国石油大学,石油工程,硕士,2025,国家能源集团,国家能源集团,中,,,150000,能源政策研究助理，主要负责政策研究、战略规划、文稿起草和协调支持等方面工作,北京,reviewed,中,reviewed,
134,2,中国石油大学,石油工程,硕士,2025,中海油,中海油,中,9000,,140000,油气田开发助理工程师，主要负责海上油田基础数据整理和方案辅助设计,天津,reviewed,中,reviewed,
134,3,中国石油大学,石油工程,硕士,2025,Schlumberger,斯伦贝谢,中,12000,50000,200000,油藏技术员，主要负责国内常规油气田的技术知识日常跟踪单井或整个油田的产量、含水率、气油比等关键指标的变化,上海,reviewed,中,reviewed,
135,1,长安大学,电气工程,本科,2025,TCL实业,TCL实业,中,12000,,240000,电控工程师，主要负责电控系统的设计、测试等工作,武汉,reviewed,中,reviewed,
135,2,长安大学,电气工程,本科,2025,顾家家居,顾家家居,中,9500,,140000,电气工程师，主要负责家居产品的电器系统设计开发、测试及维护，确保其安全可靠及智能化功能实现,杭州,reviewed,中,reviewed,
135,3,长安大学,电气工程,本科,2025,东风日产,东风日产,中,10000,,,整车设计工程师，主要负责整车电器系统设计开发与测试，确保其功能与可靠性符合要求,广州,reviewed,中,reviewed,
136,1,苏州大学,金融,硕士,2025,东吴证券,东吴证券,中,9000,,140000,营业部投资顾问助理，辅助投资顾问开展日常工作，协助客户开户和投资咨询,苏州,reviewed,中,reviewed,
136,2,苏州大学,金融,硕士,2025,招商银行,招商银行,中,11000,10000,160000,零售银行客户经理助理，负责客户维护和金融产品销售,苏州,reviewed,中,reviewed,
136,3,苏州大学,金融,硕士,2025,汇丰银行,汇丰银行,中,12000,,165000,基础业务岗，负责银行业务和简单外汇结算等工作,上海,reviewed,中,reviewed,
137,1,对外经济贸易大学,市场营销,本科,2026,京东,京东,中,18000,,340000,采销岗，商品的采购并价、库存管理及销售策略制定,北京,reviewed,中,reviewed,
137,2,对外经济贸易大学,市场营销,本科,2026,同花顺,同花顺,中,13000,,200000,用户运营岗，用户增长活跃度提升、日常活动策划及用户关系维护,北京或杭州,reviewed,中,reviewed,
137,3,对外经济贸易大学,市场营销,本科,2026,某头部国产汽车,某头部国产汽车,中,15000,,210000,运营管理培训生，轮岗中涉及用户运营活动策划、数据分析等,杭州,reviewed,中,reviewed,
138,1,武汉工程大学,电子信息工程,本科,2026,OBSBOT寻影,OBSBOT寻影,中,13000,,170000,硬件工程师，负责智能摄像头等产品的电路设计、PCB layout、硬件调试与测试工作,深圳,reviewed,中,reviewed,
138,2,武汉工程大学,电子信息工程,本科,2026,华勤技术,华勤技术,中,10000,,150000,硬件工程师，从事消费电子产品的硬件开发、调试、测试及生产支持,东莞,reviewed,中,reviewed,
138,3,武汉工程大学,电子信息工程,本科,2026,天响,天响,待核实,12000,,180000,产品认证工程师，主要负责对联想产品进行行业标准认证测试问题定位并输出测试报告,北京,reviewed,中,reviewed,
139,1,合肥工业大学,生物医学工程,硕士,2025,作业帮,作业帮,中,28000,,420000,自然语言处理算法工程师，主要负责自然语言处理技术应用优化教育场景、智能交付的工作,北京,reviewed,中,reviewed,
139,2,合肥工业大学,生物医学工程,硕士,2025,作业帮,作业帮,中,28000,,420000,路径优化算法工程师，主要负责录进优化算法研发提升出行效率与调度能力,北京,reviewed,中,reviewed,
139,3,合肥工业大学,生物医学工程,硕士,2025,科大讯飞,科大讯飞,中,21000,7000,315000,计算机视觉算法工程师，主要负责计算机视觉算法开发推动图像与视频分析应用,合肥,reviewed,中,reviewed,
141,1,电子科技大学,通信工程,硕士,2026,Tencent腾讯,腾讯,中,34000,,700000,负责计算机视觉相关算法的研发,深圳,reviewed,中,reviewed,
141,2,电子科技大学,通信工程,硕士,2026,ByteDance字节跳动,字节跳动,中,44000,,850000,从事多模态大模型的研发训练与调优等工作,北京,reviewed,中,reviewed,
141,3,电子科技大学,通信工程,硕士,2026,中国电科集团十四所,中国电科集团十四所,中,16000,70000,500000,信号处理与通信系统设计，主要负责雷达等系统中的信号处理通信算法与系统设计,南京,reviewed,中,reviewed,
142,1,清华大学,金融,博士,2025,上海财经大学,上海财经大学,中,28000,45000,490000,助理教授，承担本科、博士学生的课程教学任务并需完成高水平的学术研究与论文发表,上海,reviewed,中,reviewed,
142,2,清华大学,金融,博士,2025,中国银行总行,中国银行总行,中,12000,80000,280000,金融市场研究员，主要从事宏观经济与金融市场分析，为银行自营投资提供策略支持，设计资金交易、债券投资、衍生品业务执行资产配置与风险管理,北京,reviewed,中,reviewed,
142,3,清华大学,金融,博士,2025,加势基金,加势基金,中,39000,180000,890000,量化研究员，负责开发、优化量化投资策略与算法交易模型，同时对股票、期权等金融衍生品进行定价分析与风险评估,上海,reviewed,中,reviewed,
144,1,大连大学,护理学,本科,2025,大连大学附属中山医院,大连大学附属中山医院,中,3000,,110000,临床护士，负责病情观察、病理书写等工作，同时提供健康指导,大连,reviewed,中,reviewed,
144,2,大连大学,护理学,本科,2025,大连市中心医院,大连市中心医院,中,2000,,90000,临床护士，负责执行医嘱，观察病情，进行基础护理与治疗操作，同时提供健康指导并协助医生完成相关工作,大连,reviewed,中,reviewed,
144,3,大连大学,护理学,本科,2025,七五只要,七五只要,中,8000,20000,130000,医药代表，负责公司药品的学术推广，向医生传递产品信息，收集市场反馈，每月需完成销售指标,基南,reviewed,中,reviewed,
145,1,郑州大学,机械工程,本科,2026,宇通客车股份有限公司,宇通客车股份有限公司,中,10500,,140000,产品规划岗，主要负责客车产品市场调研、需求分析与车型规划等前期策划工作,郑州,reviewed,中,reviewed,
145,2,郑州大学,机械工程,本科,2026,大族激光,大族激光,中,10000,,176000,机械工程师，主要从事激光设备研发、设计与调试，需高强度加班,深圳,reviewed,中,reviewed,
145,3,郑州大学,机械工程,本科,2026,赢合科技,赢合科技,中,11000,,,机械助理工程师，主要负责协助进行设备结构设计改建与技术支持，技术压力大,惠州,reviewed,中,reviewed,
147,1,东北大学,机械工程,硕士,2026,汉德车桥,汉德车桥,中,13000,,250000,电控开发岗，解决生产及售后中的电控技术问题,西安,reviewed,中,reviewed,
147,2,东北大学,机械工程,硕士,2026,银跑汽车,银跑汽车,中,12000,,270000,控制器软件开发工程师，主要负责汽车控制器的底层软件设计,杭州,reviewed,中,reviewed,
147,3,东北大学,机械工程,硕士,2026,北京某车辆研究所,北京某车辆研究所,中,9500,,230000,控制器策略开发岗，主要从事整车控制策略的建模仿真与算法开发、撰写技术文档支持台架与实车测试及标定,北京,reviewed,中,reviewed,
150,1,吉林大学,化学专业,硕士,2025,强生制药,强生制药,中,16000,60000,280000,优化及药物分析方法开发与验证,上海,reviewed,中,reviewed,
150,2,吉林大学,化学专业,硕士,2025,中国实话,中国实话,中,8000,90000,230000,化工工艺优化的研发工作,北京,reviewed,中,reviewed,
150,3,吉林大学,化学专业,硕士,2025,联合立华,联合立华,中,22000,82000,350000,口腔护理产品的配方设计、开发、优化与测试,天津,reviewed,中,reviewed,
153,1,西安交通大学,电气工程,硕士,2025,BPF,BPF,待核实,22000,,320000,新能源汽车电机的设计仿真与控制算法开发,西安,reviewed,中,reviewed,
153,2,西安交通大学,电气工程,硕士,2025,阳光电源,阳光电源,中,20000,100000,400000,光储服务储能变流器等产品的主电路硬件设计,合肥,reviewed,中,reviewed,
153,3,西安交通大学,电气工程,硕士,2025,山东电网,山东电网,中,8500,70000,210000,电网预期调度保障电网安全稳定,青岛,reviewed,中,reviewed,
154,1,复旦大学,材料化学,本科,2020,拼多多,拼多多,中,25000,,400000,后端开发工程师，主要负责电商系统的服务端逻辑优化,,reviewed,中,reviewed,missing_work_city
154,2,复旦大学,材料化学,本科,2020,美团,美团,中,25000,,400000,后端开发工程师，参与本地生活业务的系统架构迭代工作,,reviewed,中,reviewed,missing_work_city
154,3,复旦大学,材料化学,本科,2020,字节跳动,字节跳动,高,34000,,500000,后端开发工程师，负责短视频业务的后端模块开发,,reviewed,中,reviewed,missing_work_city
154,4,复旦大学,材料化学,本科,2020,蚂蚁集团,蚂蚁集团,中,49000,,800000,高级开发工程师，参与金融科技核心系统的开发,,reviewed,中,reviewed,missing_work_city
155,1,沈阳化工大学,机械工程,硕士,2026,经法科技,经法科技,中,9500,,150000,设备采购维修保养，设备原理设计制造,辽宁盘锦,reviewed,中,reviewed,
155,2,沈阳化工大学,机械工程,硕士,2026,长城汽车,长城汽车,中,8000,16000,110000,制定焊接装配工艺流程，平面布局编制焊接工艺文件,保定,reviewed,中,reviewed,
155,3,沈阳化工大学,机械工程,硕士,2026,华工激光,华工激光,中,11000,,140000,激光产品市场调研，工艺技术讲解,武汉,reviewed,中,reviewed,
156,1,扬州大学,计算机,本科,2026,字节跳动,字节跳动,高,26000,,400000,前端开发工程师，负责公司产品外部或小程序端用户界面的开发、优化与性能提升,北京,reviewed,中,reviewed,
156,2,扬州大学,计算机,本科,2026,Shopee,Shopee,待核实,23500,,360000,应用软件开发工程师，参与电商平台相关应用软件的需求分析、功能设计、代码实现与测试,北京,reviewed,中,reviewed,
156,3,扬州大学,计算机,本科,2026,毕丽毕丽,毕丽毕丽,中,22000,,340000,前端开发工程师，主要负责闭战主战或各业务线的前端业面开发,上海,reviewed,中,reviewed,
157,1,湖南大学,车辆工程,硕士,2025,吉利汽车,吉利汽车,中,17000,51000,270000,智能驾驶测试工程师，负责设计并执行智能驾驶系统测试，用力分析测试数据，推动问题解决与系统优化,宁波杭州湾,reviewed,中,reviewed,
157,2,湖南大学,车辆工程,硕士,2025,东风汽车,东风汽车,中,13000,39000,210000,整车集成工程师，负责整车性能目标制定与分解，协调各系统设计，解决集成问题,武汉,reviewed,中,reviewed,
157,3,湖南大学,车辆工程,硕士,2025,大动汽车,大动汽车,中,19000,43000,300000,三电系统工程师，负责电池、电机、电控系统的开发匹配与测试工作，确保其性能、安全及可靠性符合要求,合肥,reviewed,中,reviewed,
158,1,广东海洋大学,电子信息工程,本科,2025,百度,百度,中,21000,,340000,前端开发工程师，负责百度产品外资前端功能开发与优化提升用户体验,北京,reviewed,中,reviewed,
158,2,广东海洋大学,电子信息工程,本科,2025,哔哩哔哩,哔哩哔哩,中,25000,,380000,前端开发工程师，参与b站主站或业务线前端开发实现高交互动态页面与性能调优,上海,reviewed,中,reviewed,
158,3,广东海洋大学,电子信息工程,本科,2025,滴滴,滴滴,中,27000,,400000,前端开发工程师，主要从事出行平台前端业务开发保障系统稳定与跨端兼容性,北京,reviewed,中,reviewed,
159,1,沈阳航空航天大学,机械专业,硕士,2025,贵州黎阳航空动力有限公司,贵州黎阳航空动力有限公司,中,9000,60000,150000,零部件机械加工工艺规程设计,贵阳,reviewed,中,reviewed,
159,2,沈阳航空航天大学,机械专业,硕士,2025,成都某军工企业,成都某军工企业,中,10200,50000,200000,负责进行产品工艺设计与优化，负责技术状态管控，配合完成生产任务,成都,reviewed,中,reviewed,
159,3,沈阳航空航天大学,机械专业,硕士,2025,中航工艺红桌,中航工艺红桌,中,8000,150000,120000,负责飞机领步键端配机加工艺设计等工作,南昌,reviewed,中,reviewed,
160,1,贵州交通职业技术学院,机电一体化,专科,2024,施耐德电器,施耐德电器,中,8500,,,装备调试员，负责电气自动化设备的安装调试与故障排查，确保生产线稳定运行,广州,reviewed,中,reviewed,
160,2,贵州交通职业技术学院,机电一体化,专科,2024,据新科技,据新科技,中,9000,,,电接触生产岗，主要从事电气产品核心触点的生产加工、检测,杭州,reviewed,中,reviewed,
160,3,贵州交通职业技术学院,机电一体化,专科,2024,激烈汽车,激烈汽车,中,8000,,,生产测试岗，参与汽车发动机的组装测试生产线工作，保障发动机出厂质量,广州,reviewed,中,reviewed,
161,1,山西能源学院,化学工程与工艺,本科,2026,中化十四建,中化十四建,中,5700,,,材料管理岗，负责工程项目材料的验收、保管、发放与盘点，保障现场物资供应,,reviewed,中,reviewed,missing_work_city
161,2,山西能源学院,化学工程与工艺,本科,2026,旭阳集团,旭阳集团,中,6400,,,生产管理岗，负责化工生产线的日常运行管理与协调工作,山东,reviewed,中,reviewed,
161,3,山西能源学院,化学工程与工艺,本科,2026,新疆旗亚集团,新疆旗亚集团,中,9400,,,设备巡检岗，负责生产区域的设备日常巡检、记录与维护，及时发现并处理异常,长期,reviewed,中,reviewed,
162,1,山西能源学院,机械电子工程,本科,2025,中国科学技术大学先进技术研究院,中国科学技术大学先进技术研究院,中,8000,,,嵌入式开发,合肥,reviewed,中,reviewed,
162,2,山西能源学院,机械电子工程,本科,2025,中国科学院过程控制研究所,中国科学院过程控制研究所,中,7000,,,嵌入式开发岗,苏州,reviewed,中,reviewed,
162,3,山西能源学院,机械电子工程,本科,2025,哈尔滨工程大学水下机器人国家重点实验室,哈尔滨工程大学水下机器人国家重点实验室,中,8000,,,专职科研工程师，主要参与海洋机器人软件系统需求分析及总体设计等工作,哈尔滨,reviewed,中,reviewed,
163,1,山东大学,生物专业,硕士,2026,凯莱英生物技术有限公司,凯莱英生物技术有限公司,中,13000,,,活性中心研究员，主要从事创新小分子化合物的生物活性测试、药理药效评估及早期药物发现工作,上海,reviewed,中,reviewed,
163,2,山东大学,生物专业,硕士,2026,,,待核实,12000,250000,180000,合成工作岗位研究员，主要负责催化微生物发酵等生物合成工艺的开发与优化,浙江绍兴,reviewed,待核实,pending,missing_company
163,3,山东大学,生物专业,硕士,2026,魏桥国科研究院,魏桥国科研究院,中,9500,,140000,生物技术研究岗，主要从事生物基材料或环保微生物技术的开发与应用研究,滨州,reviewed,中,reviewed,
164,1,南阳理工学院,测控技术与仪器,本科,2026,明阳集团,明阳集团,中,7200,,90000,负责风电机组的日常巡检故障处理与维护,大概率河南周边省份,reviewed,中,reviewed,
164,2,南阳理工学院,测控技术与仪器,本科,2026,宇通客车股份有限公司,宇通客车股份有限公司,中,7000,,94000,解决制造过程中的技术问题,郑州,reviewed,中,reviewed,
165,1,内蒙古科技大学,冶金工程,本科,2026,河南钢铁集团,河南钢铁集团,中,6000,3000,,生产技术员,河南安阳,reviewed,中,reviewed,
165,2,内蒙古科技大学,冶金工程,本科,2026,宝钢集团八钢公司,宝钢集团八钢公司,中,7000,,,冶金技术员,新疆,reviewed,中,reviewed,
165,3,内蒙古科技大学,冶金工程,本科,2026,中国宝武钢铁集团有限公司,中国宝武钢铁集团有限公司,中,6000,4000,,镁还原工艺工程师,安徽,reviewed,中,reviewed,
166,1,广西水利电力职业技术学院,电力系统自动化技术,专科,2025,湛江钢铁,湛江钢铁,中,8000,,104000,电气点检员,湛江,reviewed,中,reviewed,
166,2,广西水利电力职业技术学院,电力系统自动化技术,专科,2025,华为,华为,高,10000,,130000,电气运维技术员,深圳,reviewed,中,reviewed,
166,3,广西水利电力职业技术学院,电力系统自动化技术,专科,2025,百色超原发电有限公司,百色超原发电有限公司,中,6000,18000,90000,主控巡检岗,百色,reviewed,中,reviewed,
167,1,华中师范大学,电子信息,硕士,2025,商汤科技,商汤科技,中,29000,,430000,大模型算法岗，负责大规模语言模型的预训练及下游应用研发,深圳,reviewed,中,reviewed,
167,2,华中师范大学,电子信息,硕士,2025,小米,小米,中,21000,,310000,算法工程师，负责AI算法在智能硬件或互联网业务中的落地,武汉,reviewed,中,reviewed,
167,3,华中师范大学,电子信息,硕士,2025,百度,百度,中,28000,,440000,大模型算法工程师，负责AI大模型的核心技术研发,北京,reviewed,中,reviewed,
168,1,曲阜师范大学,金融专业,硕士,2025,中泰证券,中泰证券,中,,,100000,营业部综合业务岗，主要负责备台业务及后台运营工作,山东济宁,reviewed,中,reviewed,
168,2,曲阜师范大学,金融专业,硕士,2025,中华才显,中华才显,中,8300,,130000,省公司管培生，省公司中后台,济南,reviewed,中,reviewed,
168,3,曲阜师范大学,金融专业,硕士,2025,山东某地级市的市政府投资基金公司,山东某地级市的市政府投资基金公司,中,,,130000,投资经理岗，主要负责财政资金股权投资等国资管理工作,山东省路西南某地级市,reviewed,中,reviewed,
169,1,淮阴师范学院,地理学,本科,2026,常熟市某中学,常熟市某中学,中,5800,21000,120000,地理教师，主要负责学科教学工作,常熟,reviewed,中,reviewed,
169,2,淮阴师范学院,地理学,本科,2026,宿迁某中学,宿迁某中学,中,6000,,140000,地理教师，主要负责学科教学工作,宿迁,reviewed,中,reviewed,
169,3,淮阴师范学院,地理学,本科,2026,盐城某高中,盐城某高中,中,4800,18000,110000,地理教师，主要负责学科教学工作,盐城,reviewed,中,reviewed,
170,1,中国海洋大学,光电信息工程,硕士,2026,海尔,海尔,待核实,13300,39900,200000,海信电视产品板块的研发,青岛,reviewed,中,reviewed,
170,2,中国海洋大学,光电信息工程,硕士,2026,BOE,BOE,待核实,12000,36000,180000,显示面板的研发,北京,reviewed,中,reviewed,
170,3,中国海洋大学,光电信息工程,硕士,2026,TCL,TCL,待核实,18300,91500,310000,显示面板的仿真模拟,惠州,reviewed,中,reviewed,
171,1,湖南工业大学,物联网工程,本科,2019,网易湖域,网易湖域,中,7000,,,游戏测试外包,广州,pending,中,reviewed,data_year_suspect
171,2,湖南工业大学,物联网工程,本科,2019,游达科技,游达科技,中,14000,,,游戏测试开发,广州,pending,中,reviewed,data_year_suspect
171,3,湖南工业大学,物联网工程,本科,2019,四三九九游戏公司,四三九九游戏公司,中,18000,,,游戏测试岗,广州,pending,中,reviewed,data_year_suspect
171,4,湖南工业大学,物联网工程,本科,2019,,,待核实,26000,5000,430000,测试开发,,pending,待核实,pending,"data_year_suspect,missing_company,missing_work_city"
174,1,武汉科技大学,机械电子工程,本科,2026,金修有限公司,金修有限公司,中,8000,,120000,机械维修工程师,河南灵宝,reviewed,中,reviewed,
174,2,武汉科技大学,机械电子工程,本科,2026,丁和而泰,丁和而泰,中,10000,,140000,工艺整合工程师,深圳,reviewed,中,reviewed,
175,1,烟台大学,通信工程,本科,2026,豪迈集团,豪迈集团,中,6000,,90000,轮胎造型图的编程工作,山东日照,reviewed,中,reviewed,
175,2,烟台大学,通信工程,本科,2026,微海新北洋技术有限公司,微海新北洋技术有限公司,中,6000,,90000,售后工程师，主要负责公司设备维修,北京,reviewed,中,reviewed,
175,3,烟台大学,通信工程,本科,2026,中国化学工程第六建设有限公司,中国化学工程第六建设有限公司,中,7150,,100000,电仪工程师，主要负责工地现场的设备安装调试及管理工作,,reviewed,中,reviewed,missing_work_city
176,1,江苏大学京江学院,机械设计制造及其自动化,本科,2025,"牧野机床（中国）有限公司 MAKINO(CHINA)CO,LTD.","牧野机床（中国）有限公司 MAKINO(CHINA)CO,LTD.",中,5000,15000,,机加工工艺助理工程师,苏州,reviewed,中,reviewed,
176,2,江苏大学京江学院,机械设计制造及其自动化,本科,2025,昆山斯塔比奥,昆山斯塔比奥,中,6000,,,工艺报价工程师助理,昆山,reviewed,中,reviewed,
176,3,江苏大学京江学院,机械设计制造及其自动化,本科,2025,,,待核实,6200,,,售后工程师,上海,reviewed,待核实,pending,missing_company
177,1,华北科技学院,汉语言国际教育,本科,2025,学校附近的公立小学,学校附近的公立小学,中,4500,,54000,小学教师,燕郊,reviewed,中,reviewed,
177,2,华北科技学院,汉语言国际教育,本科,2025,某国际学校,某国际学校,中,4000,,42000,汉语教师,印尼或泰国,reviewed,中,reviewed,
177,3,华北科技学院,汉语言国际教育,本科,2025,某头部在线教育企业,某头部在线教育企业,中,,,120000,在线教育中文教师,线上居家,reviewed,中,reviewed,
178,1,华北电力大学,电气工程及其自动化,本科,2026,中州电网公司,中州电网公司,中,,,120000,生产技术岗,云南或西藏,reviewed,中,reviewed,
178,2,华北电力大学,电气工程及其自动化,本科,2026,贵州电网公司,贵州电网公司,中,,,130000,变电运维岗,遵义,reviewed,中,reviewed,
179,1,沧州交通学院,电气工程及其自动化,本科,2025,禁刚控股集团,禁刚控股集团,中,5500,,70000,生产操作岗，负责钢铁生产线设备的具体操作监控与日常点检,山西晋城,reviewed,中,reviewed,
179,2,沧州交通学院,电气工程及其自动化,本科,2025,金风率能化工厂,金风率能化工厂,中,6000,,80000,设备运行岗，负责化工区域生产设备的集中监控巡检与运行参数调整,内蒙古,reviewed,中,reviewed,
179,3,沧州交通学院,电气工程及其自动化,本科,2025,抹能源集团,抹能源集团,中,6000,,100000,设备运行岗，负责电厂和能源站内发电动力设备的监视操作与定期巡检,内蒙古,reviewed,中,reviewed,
180,1,清华大学,工科,硕士,2026,国家某重点科研院所,国家某重点科研院所,中,,,280000,助理研究员，围绕相对稳定的国家级科研项目展开,北京,reviewed,中,reviewed,
180,2,清华大学,工科,硕士,2026,华为天才少年计划,华为,中,,200000,1000000,聚焦于5G通信领域的核心研发工作,深圳,reviewed,中,reviewed,
181,1,武汉科技大学,自动化,本科,2026,TCL,TCL,待核实,7700,,100000,制程技术岗,武汉,reviewed,中,reviewed,
181,2,武汉科技大学,自动化,本科,2026,禾迈电力电子股份有限公司,禾迈电力电子股份有限公司,中,8000,20000,120000,产品工程师,杭州,reviewed,中,reviewed,
181,3,武汉科技大学,自动化,本科,2026,ellenc,ellenc,待核实,6000,30000,120000,实施工程师,武汉,reviewed,中,reviewed,
182,1,东北某985,材料成型及控制工程,本科,2026,国际集团某三级子公司,国际集团某三级子公司,中,8000,,100000,模具设计工程师,洛阳,reviewed,中,reviewed,
182,2,东北某985,材料成型及控制工程,本科,2026,海尔智家,海尔智家,中,12000,,180000,模具设计工程师,山东,reviewed,中,reviewed,
182,3,东北某985,材料成型及控制工程,本科,2026,无锡某金属加工厂,无锡某金属加工厂,中,13000,,130000,产品研发岗,无锡,reviewed,中,reviewed,
183,1,黑龙江科技大学,采矿工程,本科,2026,山东黄金集团,山东黄金集团,中,,,120000,采矿技术员，负责井下生产技术支持与进度管理,内蒙古,reviewed,中,reviewed,
183,2,黑龙江科技大学,采矿工程,本科,2026,内蒙古重泰能源集团,内蒙古重泰能源集团,中,10000,,150000,煤矿井下作业员，负责井下巷道支护与顶板管理,鄂尔多斯,reviewed,中,reviewed,
183,3,黑龙江科技大学,采矿工程,本科,2026,山东能源集团,山东能源集团,中,7000,,120000,矿井生产管理员，负责跟班进行生产全过程管理与协调,新疆阿克苏,reviewed,中,reviewed,
184,1,大连外国语大学,某小语种专业,本科,2026,安迅三通,安迅三通,中,9000,,270000,海外销售,郑州、欧洲,reviewed,中,reviewed,
184,2,大连外国语大学,某小语种专业,本科,2026,北汽福田,北汽福田,中,8000,13000,300000,海外销售,北京、欧洲,reviewed,中,reviewed,
184,3,大连外国语大学,某小语种专业,本科,2026,许工集团,许工集团,中,9000,,250000,海外销售,徐州、欧洲,reviewed,中,reviewed,
185,1,武汉理工大学,能动工程,本科,2025,东风汽车集团有限公司研发总院,东风汽车集团有限公司研发总院,中,10150,,170000,研发岗,武汉,reviewed,中,reviewed,
185,2,武汉理工大学,能动工程,本科,2025,安迅三通,安迅三通,中,12500,,170000,海外高端研发岗,郑州,reviewed,中,reviewed,
185,3,武汉理工大学,能动工程,本科,2025,东风义派科技,东风义派科技,中,9667,10000,160000,研发岗,武汉,reviewed,中,reviewed,
186,1,中国科学技术大学,机械转码,硕士,2026,京东,京东,中,35600,,710000,大模型算法工程师，提升模型性能及应用效果,北京,reviewed,中,reviewed,
186,2,中国科学技术大学,机械转码,硕士,2026,百度,百度,中,33000,80000,608000,大模型推理架构工程师，负责大模型推理系统架构设计与加速优化部署效率等工作,上海,reviewed,中,reviewed,
186,3,中国科学技术大学,机械转码,硕士,2026,NIO蔚来,NIO蔚来,中,40000,,600000,算法架构工程师，面向车载场景设计算法架构等工作,上海,reviewed,中,reviewed,
187,1,茂名职业技术学院,计算机应用技术,专科,2026,支术有限责任公司,支术有限责任公司,中,6000,,72000,蓝牙设备短距离通信功能开发与调试,东莞,reviewed,中,reviewed,
187,2,茂名职业技术学院,计算机应用技术,专科,2026,深圳某通信技术公司,深圳某通信技术公司,中,7500,,,软件功能与性能测试，编写测试用例，记录并跟踪缺陷,深圳,reviewed,中,reviewed,
187,3,茂名职业技术学院,计算机应用技术,专科,2026,协助公司项目外包,协助公司项目外包,中,8000,,92000,蓝牙产品认证与协议测试验证兼容性及稳定性,深圳,reviewed,中,reviewed,
188,1,桂林信息科技学院,工业工程,本科,2025,第一限科技有限公司,第一限科技有限公司,中,7200,5000,,质量工程师，主要负责供应商来料中的质量检测工作,杭州,reviewed,中,reviewed,
188,2,桂林信息科技学院,工业工程,本科,2025,陆逊梯卡华宏（东莞）眼镜有限公司,陆逊梯卡华宏（东莞）眼镜有限公司,中,5500,,120000,助理工程师，主要负责车间工人的班组管理及车间日常问题的处理,东莞,reviewed,中,reviewed,
188,3,桂林信息科技学院,工业工程,本科,2025,丰盐科技股份有限公司,丰盐科技股份有限公司,中,7000,,,助理工艺工程师，主要负责协作工艺工程师制作相关工艺文件,苏州,reviewed,中,reviewed,
189,1,南京航空航天大学,电气工程及其自动化,本科,2026,上海电气,上海电气,中,11000,,155000,负责电机产品制造工艺的设计优化与改进,上海,reviewed,中,reviewed,
189,2,南京航空航天大学,电气工程及其自动化,本科,2026,南瑞继保,南瑞继保,中,11000,70000,240000,技术支持工程师，负责电力系统机保产品的现场调适故障处理,南京,reviewed,中,reviewed,
190,1,湖南涉外经济学院,音乐学,本科,2025,武汉某公办大专,武汉某公办大专,中,4000,15000,80000,聘用制辅导员，负责学生日常管理思想教育等工作,武汉,reviewed,中,reviewed,
190,2,湖南涉外经济学院,音乐学,本科,2025,长沙某公办小学,长沙某公办小学,中,3400,10000,85000,音乐老师，负责小学音乐课程教学组织文艺活动及学生合唱团等科语训练,长沙,reviewed,中,reviewed,
190,3,湖南涉外经济学院,音乐学,本科,2025,特斯拉,特斯拉,中,8000,,140000,销售岗，负责产品介绍客户施加灯镜销售目标达成几位户品牌体验标准,长沙,reviewed,中,reviewed,
192,1,湖北理工学院,计算机科学与技术,本科,2023,顺联科技,顺联科技,中,14000,,,嵌入式测试开发岗，负责嵌入式系统与软件的测试方案设计,北京,reviewed,中,reviewed,
192,2,湖北理工学院,计算机科学与技术,本科,2023,小马智行,小马智行,中,11000,,180000,软件测试岗，负责自动驾驶相关软件的测试,广州,reviewed,中,reviewed,
192,3,湖北理工学院,计算机科学与技术,本科,2023,GuangzhouShiyuanElectronicsCo.Ltd,GuangzhouShiyuanElectronicsCo.Ltd,待核实,11500,,180000,软件测试岗，负责公司产品智慧黑板电视主板的软件功能,广州,reviewed,中,reviewed,
193,1,天津某中游985,控制工程,硕士,2026,卡斯科信号,卡斯科信号,中,16000,,280000,主要从事轨道交通信号系统的软件开发测试等工作,北京,reviewed,中,reviewed,
193,2,天津某中游985,控制工程,硕士,2026,航天新长征大道,航天新长征大道,中,16000,,280000,负责工业过程控制系统的设计集成调试于优化,北京,reviewed,中,reviewed,
193,3,天津某中游985,控制工程,硕士,2026,三星电机,三星电机,中,11000,,170000,负责电子元气件的机械结构设计分析于改进工作,天津,reviewed,中,reviewed,
194,1,湖北文理学院,自动化,本科,2025,XINJE,XINJE,待核实,7500,,120000,测试工程师，主要负责自动化设备的电器性能测试等工作,无锡,reviewed,中,reviewed,
194,2,湖北文理学院,自动化,本科,2025,汇川技术,汇川技术,中,9000,27000,150000,运维工程师，主要负责公司产品的现场安装调试与故障排查,苏州,reviewed,中,reviewed,
194,3,湖北文理学院,自动化,本科,2025,苏州列其智能,苏州列其智能,中,12000,,160000,上位机开发，主要负责编写控制软件实现与下位机的数据同性和控制逻辑,昆山,reviewed,中,reviewed,
195,1,武汉理工大学,电气工程及其自动化,本科,2025,LOW,LOW,待核实,14000,,200000,测试工程师，负责产品功能性能及可靠性测试,西安,reviewed,中,reviewed,
195,2,武汉理工大学,电气工程及其自动化,本科,2025,二三一重能 SEAE,二三一重能 SEAE,中,11000,,160000,电气工程师，从事风电等重型装备的电气系统设计及现场技术支持与调试工作,长沙,reviewed,中,reviewed,
195,3,武汉理工大学,电气工程及其自动化,本科,2025,ASANY,ASANY,待核实,15000,,250000,硬件研发岗，负责光电电器等产品的硬件电路设计,深圳,reviewed,中,reviewed,
196,1,杭州职业技术学院,轨道交通技术,专科,2025,杭州地铁,杭州地铁,中,7000,,97000,供电系统的维护工作,杭州,reviewed,中,reviewed,
196,2,杭州职业技术学院,轨道交通技术,专科,2025,欧文斯科宁杭州生产基地,欧文斯科宁杭州生产基地,中,7000,,100000,协助工程师进行设备维护调试和技术支持,杭州,reviewed,中,reviewed,
196,3,杭州职业技术学院,轨道交通技术,专科,2025,普通机械小厂,普通机械小厂,中,4500,,60000,CAD制图员，绘制非标准件图纸,杭州,reviewed,中,reviewed,
197,1,武汉大学,计算机,硕士,2026,高德地图,高德地图,中,38000,,700000,大模型算法工程师，从事三为地图生成和构建,北京,reviewed,中,reviewed,
197,2,武汉大学,计算机,硕士,2026,蚂蚁集团,蚂蚁集团,中,38000,,650000,视觉算法工程师，从事金融场景视觉技术研发工作,杭州,reviewed,中,reviewed,
197,3,武汉大学,计算机,硕士,2026,某互联网企业,某互联网企业,中,48000,,850000,多模态算法工程师,上海,reviewed,中,reviewed,
198,1,南京理工大学,商科专业,本科,2025,京东,京东,中,17000,,340000,采销岗,北京,reviewed,中,reviewed,
198,2,南京理工大学,商科专业,本科,2025,二翻软,二翻软,中,16000,,200000,销售工程师,北京,reviewed,中,reviewed,
200,1,湖北普通一本,机械设计制造及其自动化,本科,2026,新工科就业飞机哥 OONE,新工科就业飞机哥 OONE,中,7000,,100000,工艺改进及设备维护等工作,浙江嘉兴,reviewed,中,reviewed,
200,2,湖北普通一本,机械设计制造及其自动化,本科,2026,湖北省路桥集团有限公司,湖北省路桥集团有限公司,中,,,,设备物资岗,项目在哪人在哪,pending,中,reviewed,missing_salary_core
200,3,湖北普通一本,机械设计制造及其自动化,本科,2026,华工科技产业股份有限公司,华工科技产业股份有限公司,中,7800,,110000,质量工程师，负责监控产品质量流程、分析生产数据等工作,湖北,reviewed,中,reviewed,
201,1,洛阳理工学院,自动化专业,本科,2025,中国化学第九建设有限公司,中国化学第九建设有限公司,中,7000,,80000,电仪技术员，负责电气仪表设备安装与调试工作,项目在哪人在哪,reviewed,中,reviewed,
201,2,洛阳理工学院,自动化专业,本科,2025,圣建科技半导体有限公司,圣建科技半导体有限公司,中,7500,,100000,真空泵系统工程师，负责半导体真空泵系统解决设备故障,上海,reviewed,中,reviewed,
201,3,洛阳理工学院,自动化专业,本科,2025,比亚迪,比亚迪,中,28000,,,销售岗，主要负责汽车销售与客户维护完成门店业绩目标,西安,reviewed,中,reviewed,
202,1,武昌首义学院,电子信息工程,本科,2026,苏州某工控公司,苏州某工控公司,中,9000,54000,,售后工程师，负责设备现场调试与故障排除、技术支持与客户培训,苏州,reviewed,中,reviewed,
202,2,武昌首义学院,电子信息工程,本科,2026,郑州中科,郑州中科,中,7000,,,硬件工程师，负责电路设计与调试、硬件测试与优化,郑州,reviewed,中,reviewed,
202,3,武昌首义学院,电子信息工程,本科,2026,博世,博世,待核实,5000,,,软件工程师，负责嵌入式软件开发与测试、参与模块设计与代码维护,武汉,reviewed,中,reviewed,
203,1,内蒙古大学,材料化学,本科,2026,国家电投,国家电投,中,10000,,120000,在役检查工程师，负责合电站设备安全检测评估,上海,reviewed,中,reviewed,
203,2,内蒙古大学,材料化学,本科,2026,华历集成电路,华历集成电路,中,8000,,130000,设备工程师，负责芯片制造设备稳定例行解决故障并优化生产工艺流程,上海,reviewed,中,reviewed,
203,3,内蒙古大学,材料化学,本科,2026,其冰玻璃,其冰玻璃,中,4500,,100000,原料工程师，负责管控玻璃生产原料配比与质量等工作,张州,reviewed,中,reviewed,
204,1,山东某一本,交通工程,本科,2026,中国电建,中国电建,中,,,200000,设备工程师，外派项目现场设备安装调试与技术指导,沙特、阿联酋,reviewed,中,reviewed,
204,2,山东某一本,交通工程,本科,2026,北汽福田,北汽福田,中,7000,,,智能制造工程师，参与生产线智能化升级改造，优化生产流程,威海,reviewed,中,reviewed,
204,3,山东某一本,交通工程,本科,2026,北汽福田,北汽福田,中,7000,,130000,设备工程师，负责跨地区设备销售，国外派出差,北京、山东,reviewed,中,reviewed,
205,1,武汉铁路职业技术学院,铁道车辆专业,专科,2025,中国铁路武汉局集团有限公司,中国铁路武汉局集团有限公司,中,11000,20000,,车务站段操作岗，主要负责对铁路车辆进行重新排列组合,武汉,reviewed,中,reviewed,
205,2,武汉铁路职业技术学院,铁道车辆专业,专科,2025,中国铁路武汉局集团有限公司,中国铁路武汉局集团有限公司,中,15000,20000,,维修技能岗，主要负责铁道车辆运行检修,武汉,reviewed,中,reviewed,
205,3,武汉铁路职业技术学院,铁道车辆专业,专科,2025,中国铁路武汉局集团有限公司,中国铁路武汉局集团有限公司,中,15000,20000,,获检员，主要负责对列车进行全面安全检查，发现并处置故障,武汉,reviewed,中,reviewed,
206,1,西南石油大学,机器人工程,本科,2026,北京某半导体公司,北京某半导体公司,中,14300,,260000,设备工程师，负责半导体设备维护、故障排查和现场管理,成都,reviewed,中,reviewed,
206,2,西南石油大学,机器人工程,本科,2026,上海和辉光电股份有限公司,上海和辉光电股份有限公司,中,7000,,120000,工艺工程师，负责优化生产工业流程,上海,reviewed,中,reviewed,
207,1,武汉生物工程学院,计算机科学与技术,本科,2025,诚迈科技,诚迈科技,中,6000,,78000,鸿蒙测试工程师，负责红盟系统测试执行用力并提交缺线报告,华为研究所黄区,reviewed,中,reviewed,
207,2,武汉生物工程学院,计算机科学与技术,本科,2025,深圳某顺丰子公司,深圳某顺丰子公司,中,7000,,91000,软件测试工程师，负责圣踪内部软件测试优化工作,深圳,reviewed,中,reviewed,
207,3,武汉生物工程学院,计算机科学与技术,本科,2025,iberHome,iberHome,待核实,6000,,78000,软件测试岗，进行丰性产品软件测试参与全流程测试任务,武汉,reviewed,中,reviewed,
208,1,广州某双非,土木工程,本科,2026,集团,集团,待核实,5500,,90000,"工程技术岗,确保工程质量与安全",项目在哪人在哪,reviewed,中,reviewed,
208,2,广州某双非,土木工程,本科,2026,景旺电子,景旺电子,中,8500,,110000,"生产管理岗,负责管理电子制造生产线,优化生产流程",深圳,reviewed,中,reviewed,
208,3,广州某双非,土木工程,本科,2026,中间香港有限公司,中间香港有限公司,中,25000,,300000,"生产管理岗,负责工程项目进度与资源协调,监督现场施工安全",香港,reviewed,中,reviewed,
209,1,中国农业大学,机械工程,硕士,2026,东风汽车,东风汽车,中,,,210000,汽车零部件结构设计优化与验证,武汉,reviewed,中,reviewed,
209,2,中国农业大学,机械工程,硕士,2026,潍柴动力,潍柴动力,中,15000,,180000,发动机生产工艺流程优化,潍坊,reviewed,中,reviewed,
209,3,中国农业大学,机械工程,硕士,2026,郑州比亚迪,郑州比亚迪,中,,,240000,新能源汽车制造工艺设计改进协调生产,郑州,reviewed,中,reviewed,
210,1,桂林电子科技大学,电子封装技术,本科,2026,深圳某半导体设备公司,深圳某半导体设备公司,中,15500,46500,250000,过程质量工程师，负责组织开展过程质量管理工作，会出场质量负责,深圳,reviewed,中,reviewed,
210,2,桂林电子科技大学,电子封装技术,本科,2026,海信,海信,待核实,11200,13440,150000,市场质量工程师，负责跟进生产环节质量检验工作,江门,reviewed,中,reviewed,
210,3,桂林电子科技大学,电子封装技术,本科,2026,深圳某中型私企,深圳某中型私企,中,10000,,170000,质量工程师，负责处理客户质量投诉维护客服关系,深圳,reviewed,中,reviewed,
211,1,清华大学,电子工程系,博士,2025,华为海斯,华为,中,69000,,2100000,通信系统核心算法与芯片设计的高级开发工作,深圳,reviewed,中,reviewed,
211,2,清华大学,电子工程系,博士,2025,华为2012实验室,华为,中,68000,,1800000,6G通信原型系统开发，聚焦未来6G通信系统的前沿技术研究与原型平台开发,深圳,reviewed,中,reviewed,
211,3,清华大学,电子工程系,博士,2025,英伟达中国,英伟达中国,中,95000,,3000000,为先进计算平台进行核心硬件与系统的架构设计与优化,上海,pending,中,reviewed,first_year_income_suspect
212,1,西南科技大学,环境工程,本科,2026,天华新能源有限公司,天华新能源有限公司,中,6000,7200,80000,负责新能源生产过程中的环保设施运行,四川宜宾,reviewed,中,reviewed,
212,2,西南科技大学,环境工程,本科,2026,四川某国企,四川某国企,中,5500,,90000,参与材料研发到产业化过程的工作,四川,reviewed,中,reviewed,
212,3,西南科技大学,环境工程,本科,2026,凯瑞化工,凯瑞化工,中,8000,13000,100000,负责化工生产线的日常工艺控制设备操作维护,河北,reviewed,中,reviewed,
213,1,南京某211,商科专业,硕士,2026,京东,京东,中,16000,,320000,负责电商平台商品采购,北京,reviewed,中,reviewed,
213,2,南京某211,商科专业,硕士,2026,小红书,小红书,中,23000,,370000,参与广告投放营销方案及商业化产品学习,上海,reviewed,中,reviewed,
213,3,南京某211,商科专业,硕士,2026,荣耀,荣耀,待核实,16000,,250000,销售管培生，通过轮岗熟悉渠道管理、销售运营及市场推广,,reviewed,中,reviewed,missing_work_city
214,1,长江大学,机械设计制造及其自动化,本科,2026,中石油,中石油,中,7500,,120000,故障排查与技术改进工作,海上钻井平台,reviewed,中,reviewed,
214,2,长江大学,机械设计制造及其自动化,本科,2026,中石油,中石油,中,6000,,100000,设备管理维护,吉林,reviewed,中,reviewed,
214,3,长江大学,机械设计制造及其自动化,本科,2026,东风汽车,东风汽车,中,6000,,90000,生产工艺优化与工艺设计,实验,reviewed,中,reviewed,
215,1,华北理工大学,人工智能,本科,2026,上海大途科技,上海大途科技,中,14000,,200000,测试开发岗，负责车载做大模型的测试与开发,合肥,reviewed,中,reviewed,
215,2,华北理工大学,人工智能,本科,2026,北京国能日新科技,北京国能日新科技,中,10000,,140000,软件测试工程师，负责执行能源软件产品的功能及性能测试,北京,reviewed,中,reviewed,
215,3,华北理工大学,人工智能,本科,2026,深圳号语言科技,深圳号语言科技,中,10000,,150000,软件测试岗，负责进行软件模块测试与机程测试,深圳,reviewed,中,reviewed,
216,1,沈阳建筑大学,土木工程,硕士,2026,中国建筑第八工程局有限公司,中国建筑第八工程局有限公司,中,,,250000,现场施工管理岗，负责海外项目现场施工组织协调与进度控制工作,东南亚或北非,reviewed,中,reviewed,
216,2,沈阳建筑大学,土木工程,硕士,2026,中国建筑第八工程局有限公司,中国建筑第八工程局有限公司,中,,,120000,钢结构工程师，负责海外项目现场施工,项目在哪人在哪,reviewed,中,reviewed,
216,3,沈阳建筑大学,土木工程,硕士,2026,中建三局北京分公司,中建三局北京分公司,中,,,140000,施工员，负责施工现场管理技术交底与工序协调等工作,跟着项目走,reviewed,中,reviewed,
217,1,广州民航职业技术学院,民航安全技术管理,专科,2026,JANG,JANG,待核实,6000,,70000,设备安装技,宁波,reviewed,中,reviewed,
217,2,广州民航职业技术学院,民航安全技术管理,专科,2026,工科就业飞机哥,工科就业飞机哥,中,7500,,10000,化工设备巡检,常州,reviewed,中,reviewed,
219,1,新疆大学,会计专业,硕士,2026,牧原食品股份,牧原食品股份,中,15000,,180000,财务管培生，进行成本核算与预算控制,南阳,reviewed,中,reviewed,
219,2,新疆大学,会计专业,硕士,2026,国家电网,国家电网,中,,,150000,财务分析，负责财务数据整理与分析编制报表,阿克苏,reviewed,中,reviewed,
219,3,新疆大学,会计专业,硕士,2026,中国电气装备集团,中国电气装备集团,中,,,140000,培训后承担财务相关工作,平領山,reviewed,中,reviewed,
220,1,宁夏理工学院,电子商务,本科,2026,牧原食品股份,牧原食品股份,中,8000,,100000,B端管培生，负责企业客户业务开发与关系维护，参与销售流程优化与管理支持,陕西,reviewed,中,reviewed,
220,2,宁夏理工学院,电子商务,本科,2026,中国工商银行,中国工商银行,中,5000,,70000,客服经理，处理客户资讯与业务办理，维护客户关系,青海,reviewed,中,reviewed,
220,3,宁夏理工学院,电子商务,本科,2026,中国邮政储蓄银行,中国邮政储蓄银行,中,5600,,70000,客户服务经理，面向客户提供业务资讯与办理，推动产品服务,宁夏,reviewed,中,reviewed,
221,1,南京工业大学,电子信息工程,本科,2026,美的集团,美的集团,中,9500,,150000,"营销管培生, 参与品牌营销活动策划执行",,reviewed,中,reviewed,missing_work_city
221,2,南京工业大学,电子信息工程,本科,2026,深信服,深信服,中,16000,,250000,"客户经理, 负责面向企业客户推广网络安全与云计算产品",,reviewed,中,reviewed,missing_work_city
221,3,南京工业大学,电子信息工程,本科,2026,某世界五百强电汽外企,某世界五百强电汽外企,中,14000,,170000,"OEM销售工程师, 负责对设备制造商推广电汽原器件并提供技术方案",上海,reviewed,中,reviewed,
222,1,山西师范大学,物理学专业,本科,2026,京东,京东,中,7000,,110000,协助团队提升运营效率与服务质量,山西忻州,reviewed,中,reviewed,
222,2,山西师范大学,物理学专业,本科,2026,中国人寿,中国人寿,中,4000,,70000,负责保险产品推广与客户关系维护,山西忻州,reviewed,中,reviewed,
222,3,山西师范大学,物理学专业,本科,2026,中国工商银行,中国工商银行,中,5000,,70000,负责拓展银行个人或企业客户提供存贷款及理财等金融服务,山西忻州,reviewed,中,reviewed,
223,1,南京财经大学,市场营销,本科,2026,长安汽车,长安汽车,中,7500,,120000,品牌活动策划与执行,重庆,reviewed,中,reviewed,
223,2,南京财经大学,市场营销,本科,2026,苏宁易购,苏宁易购,中,8500,,100000,电商平台商品上架与优化促销活动策划,南京,reviewed,中,reviewed,
223,3,南京财经大学,市场营销,本科,2026,极兔速递,极兔速递,中,12500,,170000,市场调研 营销方案策划 渠道合作推进及落地执行,上海,reviewed,中,reviewed,
224,1,北京邮电大学,物流工程,硕士,2026,美团,美团,中,20000,,330000,物流运营岗，负责物流网络优化、日常运营监控、提升配送效率与服务质量,北京,reviewed,中,reviewed,
224,2,北京邮电大学,物流工程,硕士,2026,HUAWEI,华为,中,17000,,250000,物流管理工程师，负责统筹产品物流方案管理,深圳,reviewed,中,reviewed,
224,3,北京邮电大学,物流工程,硕士,2026,不难钢铁,不难钢铁,中,13000,,170000,物流管理岗，负责执行钢铁产品运输、协调仓储与配送,湖南,reviewed,中,reviewed,
225,1,长春工业大学,电子商务,本科,2026,基恩士,基恩士,中,15000,,220000,销售工程师，客户开发与技术方案解决,上海,reviewed,中,reviewed,
225,2,长春工业大学,电子商务,本科,2026,墓园食品股份,墓园食品股份,中,9000,,150000,生鲜客户经理，负责开拓生鲜销售渠道管理客户订单与售后,武汉,reviewed,中,reviewed,
225,3,长春工业大学,电子商务,本科,2026,加多宝凉茶,加多宝凉茶,中,6000,,100000,销售管培生，执行中端促销，协助渠道管理与订单跟进,南昌,reviewed,中,reviewed,
226,1,北京科技大学,土木工程,硕士,2026,招商银行,招商银行,中,,,140000,柜员岗，负责日常现金业务,银川,reviewed,中,reviewed,
226,2,北京科技大学,土木工程,硕士,2026,民生银行,民生银行,中,,,120000,柜员岗，提供柜台服务,银川,reviewed,中,reviewed,
226,3,北京科技大学,土木工程,硕士,2026,中石化胜利石油,中石化胜利石油,中,8000,,190000,石油工程技术岗，负责参与油田地面工程项目施工管理，现场技术监督,轮岗学习一年后分配,reviewed,中,reviewed,
227,1,211本科,环境工程,硕士,2026,深圳朗困科技集团,深圳朗困科技集团,中,9500,,130000,管培生，需要进车间参与一线生产半年，负责生产工艺改进和跨部门时间培训,深圳,reviewed,中,reviewed,
227,2,211本科,环境工程,硕士,2026,新力,新力,待核实,11000,,160000,管培生，需要到垃圾焚烧车间轮岗半年到一年，熟悉环保设备操作,浙江温州,reviewed,中,reviewed,
227,3,211本科,环境工程,硕士,2026,双红环境,双红环境,中,11000,,210000,海外销售，负责环保设备国际业务拓展和项目跟进,上海,reviewed,中,reviewed,
228,1,北京大学,电子信息,硕士,2026,中芯国际,中芯国际,中,39000,,582000,芯片设计工程师，主要负责芯片前段设计、仿真与验证工作,上海,reviewed,中,reviewed,
228,2,北京大学,电子信息,硕士,2026,寒武纪,寒武纪,中,42000,150000,630000,芯片设计工程师，负责AI芯片架构设计优化及性能提升的工作,北京,reviewed,中,reviewed,
228,3,北京大学,电子信息,硕士,2026,滴滴,滴滴,中,42000,80000,600000,研发工程师，参与后端系统开发与优化工作,上海,reviewed,中,reviewed,
229,1,沈阳大学,焊接工程,本科,2026,舜宇光学御程集团有限公司,舜宇光学御程集团有限公司,中,6000,,100000,设备工程师，负责生产设备维护与优化,宁波,reviewed,中,reviewed,
229,2,沈阳大学,焊接工程,本科,2026,宁波市忠实化工工程公司,宁波市忠实化工工程公司,中,,,120000,装备制造研发岗，参与装备设计与研发提升设备技术水平,宁波,reviewed,中,reviewed,
229,3,沈阳大学,焊接工程,本科,2026,终和二三建设有限公司,终和二三建设有限公司,中,6800,,100000,焊接工程师，负责焊接工艺制定的现场指导确保工程质量,,reviewed,中,reviewed,missing_work_city
230,1,广东工业大学,电子商务,本科,2026,,,待核实,16000,,220000,嵌入式测试工程师，主要负责摄像投等智能硬件产品的质量包装工作与自动化测试体系大件,深圳,reviewed,待核实,pending,missing_company
230,2,广东工业大学,电子商务,本科,2026,小米,小米,中,14000,,210000,测试开发工程师，主要负责小米生态链产品的测试工作与内部测试平台开发,武汉,reviewed,中,reviewed,
230,3,广东工业大学,电子商务,本科,2026,,,待核实,22000,,370000,游戏测试开发工程师，主要负责公司和新项目组游戏中AI场景的质量保障工作,上海,reviewed,待核实,pending,missing_company
231,1,郑州大学,商科专业,本科,2026,招商银行,招商银行,中,,,250000,柜员岗,深圳,reviewed,中,reviewed,
231,2,郑州大学,商科专业,本科,2026,奥克斯集团,奥克斯集团,中,11000,,,空调事业部财务岗,宁波,reviewed,中,reviewed,
231,3,郑州大学,商科专业,本科,2026,牽执国际快级师事务所,牽执国际快级师事务所,中,9500,,,财务审计助理,深圳,reviewed,中,reviewed,
232,1,新加坡国立大学,计算机,博士,2026,算能科技,算能科技,中,53000,60000,900000,负责加油器核心算法设计优化与软件实现,深圳,reviewed,中,reviewed,
232,2,新加坡国立大学,计算机,博士,2026,NVIDIA,NVIDIA,待核实,41000,,733000,系统性能架构师 系统架构工程师 负责分析优化硬件系统性能设计测试方案,广州,reviewed,中,reviewed,
232,3,新加坡国立大学,计算机,博士,2026,广东省某985高校,广东省某985高校,中,,,,教学与科研任务,广州,pending,中,reviewed,missing_salary_core
233,1,绥化学院,电气工程及其自动化,本科,2026,黑龙江某华电,黑龙江某华电,中,5000,,110000,设备运行岗，负责电厂设备的空操作与日常巡检,,reviewed,中,reviewed,missing_work_city
233,2,绥化学院,电气工程及其自动化,本科,2026,GOLDWIND,GOLDWIND,待核实,6000,,,设备运维岗，从事风力发电设备的维护,兴安盟,reviewed,中,reviewed,
233,3,绥化学院,电气工程及其自动化,本科,2026,哈尔滨特来电,哈尔滨特来电,中,5000,,,充电桩运维岗，负责充电桩的安装、巡检、维修及客户支持,需要在黑龙江各地出差,reviewed,中,reviewed,
234,1,江苏科技大学苏州理工学院,计算机科学与技术,本科,2026,某出创人型机器人应用公司,某出创人型机器人应用公司,中,18000,,210000,具身智能开发工程师，负责人形机器人二次开发,上海,reviewed,中,reviewed,
234,2,江苏科技大学苏州理工学院,计算机科学与技术,本科,2026,上海某歌草机器人公司,上海某歌草机器人公司,中,15000,,,机器人系统开发工程师，负责歌草机器人二楼S系统开发通信优化,上海,reviewed,中,reviewed,
234,3,江苏科技大学苏州理工学院,计算机科学与技术,本科,2026,华为外包软通动力,华为,中,10400,,150000,机器人开发工程师，负责协助华为正式工进行机器人开发,深圳,reviewed,中,reviewed,
235,1,内蒙古科技大学,矿物加工工程,本科,2026,内蒙古测成矿业,内蒙古测成矿业,中,7000,,100000,选矿技术员，负责日常选矿流程监控公益参数调整,包头,reviewed,中,reviewed,
235,2,内蒙古科技大学,矿物加工工程,本科,2026,中国黄金集团,中国黄金集团,中,12000,,200000,选矿技术员，负责高海拔地区选矿技术操作流程优化,拉萨,reviewed,中,reviewed,
235,3,内蒙古科技大学,矿物加工工程,本科,2026,包钢集团,包钢集团,中,6500,12000,140000,培训后分岗，负责导般生产中的选矿工业控制设备寻减,包头,reviewed,中,reviewed,
237,1,辽宁石油化工大学,化学工程与技术,硕士,2026,中石化镇海炼化,中石化镇海炼化,中,,,200000,生产装置操作调控,宁波,reviewed,中,reviewed,
237,2,辽宁石油化工大学,化学工程与技术,硕士,2026,中国石油,中国石油,中,7000,,100000,设备巡检维护与故障处理,吉林,reviewed,中,reviewed,
238,1,四川大学,自动化专业,本科,2026,新凯来技术有限公司,新凯来技术有限公司,中,17500,,280000,电气工程师，主要负责设备电器线路规划以及安全测试机检查,深圳龙岗,reviewed,中,reviewed,
238,2,四川大学,自动化专业,本科,2026,西安图为电气,西安图为电气,中,12000,,190000,电力电子硬件工程师，主要负责电源变换器等处能电力电子硬件研发,西安,reviewed,中,reviewed,
238,3,四川大学,自动化专业,本科,2026,我电头核电技术服务有限公司,我电头核电技术服务有限公司,中,10000,20000,140000,电器设备工程师，主要负责核电设备电器线路的日常检修合维护,,reviewed,中,reviewed,missing_work_city
239,1,辽宁某公办二本院校,土木工程,本科,2026,字节跳动,字节跳动,高,5500,,100000,商家BD，负责通过地推等方式开拓并签约本地生活服务商家,沈阳,reviewed,中,reviewed,
239,2,辽宁某公办二本院校,土木工程,本科,2026,JDL京东,京东,中,7000,,100000,仓场地经理，确保出入库效率,大连,reviewed,中,reviewed,
239,3,辽宁某公办二本院校,土木工程,本科,2026,顺丰,顺丰,待核实,6500,,90000,营运智能岗，处理运营支持数据分析的工作,沈阳,reviewed,中,reviewed,
240,1,北京科技大学,工商管理,本科,2026,京东,京东,中,16000,,320000,负责电商平台商品采购、产品运营,北京,reviewed,中,reviewed,
240,2,北京科技大学,工商管理,本科,2026,美团,美团,中,15000,,250000,平台大促营销,北京,reviewed,中,reviewed,
240,3,北京科技大学,工商管理,本科,2026,百度,百度,中,15000,,250000,百家号版块的商业化产品运营和商家引入推广服务,北京,reviewed,中,reviewed,
241,1,兰州交通大学,电气工程,本科,2026,南方某铁路局,南方某铁路局,中,8000,,120000,供电段，负责铁路供电设备日常维护及故障处理,铁路局辖区内,reviewed,中,reviewed,
241,2,兰州交通大学,电气工程,本科,2026,中国长江三峡集团,中国长江三峡集团,中,10000,,200000,生产运维岗，从事电力设施运行监控、设备维护及检修,新疆,reviewed,中,reviewed,
241,3,兰州交通大学,电气工程,本科,2026,中国华电集团,中国华电集团,中,8000,,140000,生产运维岗，负责电厂设备运行监控、日常维护及安全管理,甘肃,reviewed,中,reviewed,
242,1,昆明冶金高等专科学校,采矿工程,专科,2026,紫金矿业集团股份有限公司,紫金矿业集团股份有限公司,中,12000,,150000,负责地下矿山现场技术知识与安全管理,拉萨,reviewed,中,reviewed,
242,2,昆明冶金高等专科学校,采矿工程,专科,2026,中国非金属材料南京矿山公司,中国非金属材料南京矿山公司,中,10000,,130000,从事露天或井下采矿技术管理工作,,reviewed,中,reviewed,missing_work_city
242,3,昆明冶金高等专科学校,采矿工程,专科,2026,新疆有色集团蓝钻锂业,新疆有色集团蓝钻锂业,中,17000,,210000,负责矿区日常技术测量与数据收集,新疆,reviewed,中,reviewed,
243,1,新疆大学,电气工程及其自动化,本科,2026,中国华电,中国华电,中,8000,,160000,设备运维岗，维护及故障处理,新疆昌吉,reviewed,中,reviewed,
243,2,新疆大学,电气工程及其自动化,本科,2026,中国石油,中国石油,中,8000,,170000,新能源岗，新能源项目开发与移民工作,克拉玛依,reviewed,中,reviewed,
243,3,新疆大学,电气工程及其自动化,本科,2026,国家能源集团,国家能源集团,中,,,250000,入职后分岗，参与煤炭生产设备操作与安全巡视,陕西榆林,reviewed,中,reviewed,
244,1,湖南科技大学,计算机专业,本科,2026,中地数码,中地数码,中,14000,,168000,JAVA开发，负责GIS相关加瓦系统开发与维护，参与地理信息软件项目功能模块实现,深圳,reviewed,中,reviewed,
244,2,湖南科技大学,计算机专业,本科,2026,苏宁,苏宁,待核实,10000,,130000,后端系统开发与维护，优化电商平台功能模块,南京,reviewed,中,reviewed,
244,3,湖南科技大学,计算机专业,本科,2026,某互联网公司,某互联网公司,中,15000,,200000,软件开发岗，负责游戏软件开发与质量保证，进行功能性能及自动化测试流程,武汉,reviewed,中,reviewed,
245,1,河南某普通一本,供应链管理,硕士,2026,屏股份,屏股份,中,15000,,230000,供应链管培生 负责供应链计划与协调,南阳,reviewed,中,reviewed,
245,2,河南某普通一本,供应链管理,硕士,2026,格林美,格林美,中,11000,30000,162000,采购工程师 负责执行员采料采购与供应商管理优化成本控制,荆门,reviewed,中,reviewed,
245,3,河南某普通一本,供应链管理,硕士,2026,卫龙,卫龙,待核实,13000,30000,200000,采购岗 负责开展工营商开发与谈判管理采购定单执行,终合,reviewed,中,reviewed,
247,1,长安大学,计算机专业,硕士,2026,途虎养车,途虎养车,中,26000,,380000,"后端开发岗, 负责汽车后市场平台系统设计与维护",上海,reviewed,中,reviewed,
247,2,长安大学,计算机专业,硕士,2026,联通数科,联通数科,中,,,230000,"后端开发岗, 参与电信及数字化项目开发工作",南京,reviewed,中,reviewed,
247,3,长安大学,计算机专业,硕士,2026,大讯飞,大讯飞,中,25000,,360000,"后端开发岗位, 负责智能语音及AI产品后端服务实现, 高效算法与业务逻辑整合",武汉,reviewed,中,reviewed,
248,1,浙江大学,计算机专业,博士,2026,腾讯,腾讯,高,55000,,1420000,更新新英雄角色设计与研发优化工作,深圳,reviewed,中,reviewed,
248,2,浙江大学,计算机专业,博士,2026,语数科技,语数科技,中,56000,180000,900000,研发机器人运动控制预感之算法提升智能体制度能力,杭州,reviewed,中,reviewed,
248,3,浙江大学,计算机专业,博士,2026,拼多多,拼多多,中,43000,340000,1080000,拼多多砍一刀用户裂变开发核心算法模型提升电商平台推荐与运营效率,上海,reviewed,中,reviewed,
249,1,桂林电子科技大学,网络工程,本科,2026,广州影子科技有限公司,广州影子科技有限公司,中,18000,,250000,产品的整体前后端开发,广州,reviewed,中,reviewed,
249,2,桂林电子科技大学,网络工程,本科,2026,京东科技,京东,中,23000,150000,420000,参与核心电商或金融平台系统后端研发需求分析、模块设计等工作,深圳,reviewed,中,reviewed,
249,3,桂林电子科技大学,网络工程,本科,2026,华为,华为,高,20000,,280000,参与产品项目的开发与交付，按照规范完成软件模块或特性的设计编码,,reviewed,中,reviewed,missing_work_city
252,1,湖南某双非一本,数学与应用数学,本科,2026,长沙某小学,长沙某小学,中,6000,20000,130000,备案制数学教师,长沙,reviewed,中,reviewed,
252,2,湖南某双非一本,数学与应用数学,本科,2026,湖南株洲某学校,湖南株洲某学校,中,4300,,120000,数学教师（事业编制）,湖南株洲,reviewed,中,reviewed,
252,3,湖南某双非一本,数学与应用数学,本科,2026,长沙某高中,长沙某高中,中,,,150000,数学教师（民办学校无编制）,湖南长沙,reviewed,中,reviewed,
253,1,中国地质大学武汉,安全工程,本科,2026,海尔智家,海尔智家,中,9000,,140000,EHS工程师，负责厂区环境健康与安全体系运行维护,青岛,reviewed,中,reviewed,
253,2,中国地质大学武汉,安全工程,本科,2026,中建八局二公司,中建八局二公司,中,9000,,130000,土建施工安全员，负责巡查施工现场安全隐患监督安全规范执行,,reviewed,中,reviewed,missing_work_city
253,3,中国地质大学武汉,安全工程,本科,2026,中广核某二级子公司,中广核某二级子公司,中,,,180000,助理安全工程师，负责协助和设施安全监督与屏屋参与大修期间导弹寻减,灵德,reviewed,中,reviewed,
255,1,无锡太湖学院,供应链管理,本科,2026,江苏卓胜微电子股份有限公司,江苏卓胜微电子股份有限公司,中,6500,,150000,项目管理工程师,无锡,reviewed,中,reviewed,
255,2,无锡太湖学院,供应链管理,本科,2026,天福信卓单导体分公司,天福信卓单导体分公司,中,7500,,100000,物料计划工程师,苏州,reviewed,中,reviewed,
255,3,无锡太湖学院,供应链管理,本科,2026,汇川技术,汇川技术,中,8700,,140000,市场计划工程师,苏州,reviewed,中,reviewed,
256,1,沈阳建筑大学,市政工程专业,硕士,2026,牧钢股份,牧钢股份,中,7000,,100000,给排水工程师，负责场区给排水管网设计图纸会智级技术方案优化,鞍山,reviewed,中,reviewed,
256,2,沈阳建筑大学,市政工程专业,硕士,2026,湖北联投,湖北联投,中,10000,,140000,工地技术岗，负责现场施工技术管理质量监督及工程协调,湖北省内不固定,reviewed,中,reviewed,
256,3,沈阳建筑大学,市政工程专业,硕士,2026,招商举务也管理有限公司,招商举务也管理有限公司,中,7600,,100000,工程管理岗，负责物业设施运为 工程寻减几位保管理,深圳,reviewed,中,reviewed,
257,1,湖南大学,车辆工程,硕士,2026,大众汽车,大众汽车集团,中,19000,,300000,三电系统工程师，负责电池、电机、电控系统设计与测试优化新能源汽车核心不见性能,合肥,reviewed,中,reviewed,
257,2,湖南大学,车辆工程,硕士,2026,东国汽车,东国汽车,中,13000,39000,210000,整车集成工程师，负责整车各系统集成协调与性能匹配,武汉,reviewed,中,reviewed,
257,3,湖南大学,车辆工程,硕士,2026,吉利汽车,吉利汽车,中,17000,,250000,智能驾驶全站工程师，负责开发智能驾驶系统软硬件功能，涵盖感知角色到控制全联路技术实现,银波,reviewed,中,reviewed,
258,1,江苏理工学院,计算机科学与技术,本科,2026,杭州某网络安全公司,杭州某网络安全公司,中,12000,,160000,国际网络工程师,杭州,reviewed,中,reviewed,
258,2,江苏理工学院,计算机科学与技术,本科,2026,深圳某显示齐印检公司,深圳某显示齐印检公司,中,11000,,170000,海外技术支持岗,深圳,reviewed,中,reviewed,
258,3,江苏理工学院,计算机科学与技术,本科,2026,杭州某金融科技公司,杭州某金融科技公司,中,11000,13200,140000,海外运维工程师,杭州,reviewed,中,reviewed,
259,1,长安大学,计算机专业,硕士,2026,美团,美团,中,25000,,380000,负责美团APP核心业务开发架构设计及性能优化,北京,reviewed,中,reviewed,
259,2,长安大学,计算机专业,硕士,2026,滴滴,滴滴,中,21000,,320000,负责出行或车服业务的后端系统开发需求分析与系统维护,西安,reviewed,中,reviewed,
259,3,长安大学,计算机专业,硕士,2026,小米,小米,中,19500,58500,300000,从事手机设备的软件开发与调试工作,西安,reviewed,中,reviewed,
261,1,西安交通大学,电气工程,博士,2026,自達半導體,自達半導體,中,45000,135000,850000,IGBT等功率芯片的设计开发与性能优化,浙江,reviewed,中,reviewed,
261,2,西安交通大学,电气工程,博士,2026,包圍,包圍,待核实,44000,176000,800000,负责主导数字电源即逆变器技术的前沿研究与方案突破,东莞,reviewed,中,reviewed,
261,3,西安交通大学,电气工程,博士,2026,国家电网,国家电网,中,18000,80000,380000,负责电网规划运行及电力系统技术支撑工作,北京,reviewed,中,reviewed,
262,1,广东石油化工大学,自动化,本科,2026,中石化茂名石化,中石化茂名石化,中,7500,,150000,仪表技术岗，负责仪表的检修与维护,茂名,reviewed,中,reviewed,
262,2,广东石油化工大学,自动化,本科,2026,新旺达动力科技,新旺达动力科技,中,10000,,130000,设备工程师，负责设备的维护、维修与管理,惠州,reviewed,中,reviewed,
262,3,广东石油化工大学,自动化,本科,2026,部立特复合材料,部立特复合材料,中,8000,,100000,设备自动化专员，负责设备维护与管理,广州,reviewed,中,reviewed,
265,1,吉林外国语大学,人工智能,本科,2026,农夫山泉,农夫山泉,中,4500,,,行销校招生，负责区域产品推广,辽北大区,reviewed,中,reviewed,
265,2,吉林外国语大学,人工智能,本科,2026,牧原,牧原,待核实,9000,,120000,生鲜客户经理，负责客户开发、维护与销售团队管理,东北区域内,reviewed,中,reviewed,
266,1,南京农业大学,兽医学,硕士,2026,华测检测,华测检测,中,8500,20000,120000,诊断检测岗，负责出具准确诊断报告,南京,reviewed,中,reviewed,
266,2,南京农业大学,兽医学,硕士,2026,中牧股份,中牧股份,中,10000,15000,147000,技术服务岗，为客户提供技术支持，解决产品问题,北京,reviewed,中,reviewed,
266,3,南京农业大学,兽医学,硕士,2026,新希望六合,新希望六合,中,9000,20000,140000,安全管理岗，负责规模化主场生物安全防控与现场监管,徐州,reviewed,中,reviewed,
267,1,银川科技学院,软件工程,专科,2026,航天驭,航天驭,中,11000,,140000,"卫星总体工程师, 负责卫星系统总体方案设计、技术协调与项目管理",北京,reviewed,中,reviewed,
267,2,银川科技学院,软件工程,专科,2026,时封信念科技,时封信念科技,中,12000,20000,190000,"卫星飞控工程师, 负责卫星再轨长器管理、姿态控制与车空任务之心",苏州,reviewed,中,reviewed,
268,1,成都理工大学工程技术学院,电子信息工程,本科,2026,乐具机器人,乐具机器人,中,14000,,210000,负责工业场景的应用调试与功能迭代,合肥,reviewed,中,reviewed,
268,2,成都理工大学工程技术学院,电子信息工程,本科,2026,北京某机器人公司,北京某机器人公司,中,15000,,220000,负责嵌入式软件工程师，系统开发及软硬件集成调试,北京,reviewed,中,reviewed,
268,3,成都理工大学工程技术学院,电子信息工程,本科,2026,杭州某科技小场,杭州某科技小场,中,,,180000,负责基于ROS的系统工程算法模块开发与传感器数据处理,杭州,reviewed,中,reviewed,
269,1,东北林业大学,土木工程,硕士,2026,中国中铁一局厦门公司,中国中铁一局厦门公司,中,8000,,130000,道桥施工员，负责道路桥梁现场施工管理与技术指导,,reviewed,中,reviewed,missing_work_city
269,2,东北林业大学,土木工程,硕士,2026,中国铁路哈尔滨局,中国铁路哈尔滨局,中,6000,,80000,房建段工人岗，负责铁路房屋区规划建设,黑龙江省内,reviewed,中,reviewed,
270,1,吉林大学,机械工程,本科,2026,Lenovo,Lenovo,待核实,15000,,200000,结构工程师，负责服务器结构设计,北京,reviewed,中,reviewed,
270,2,吉林大学,机械工程,本科,2026,荣耀,荣耀,待核实,22000,,350000,结构工程师，参与产品结构设计与材料工艺技术,北京,reviewed,中,reviewed,
270,3,吉林大学,机械工程,本科,2026,京东,京东,中,25000,,500000,管理培训生，前半年轮岗后定岗，负责业务预算、团队管理及经营,北京,reviewed,中,reviewed,
271,1,西安建筑科技大学,材料与化工,硕士,2026,创维集团,创维集团,中,10000,,150000,模具设计及工艺方面工作,深圳,reviewed,中,reviewed,
271,2,西安建筑科技大学,材料与化工,硕士,2026,中天钢铁,中天钢铁,中,12000,,160000,金属材料加工,,reviewed,中,reviewed,missing_work_city
271,3,西安建筑科技大学,材料与化工,硕士,2026,深圳某中小型新材料公司,深圳某中小型新材料公司,中,13000,,190000,新材料配方研发工作,深圳,reviewed,中,reviewed,
272,1,邵阳学院,电气工程及其自动化,本科,2026,国家电网,国家电网,中,4500,,120000,配网检修岗，负责县域配电网的巡检维护及抢修工作,湖南某县城,reviewed,中,reviewed,
272,2,邵阳学院,电气工程及其自动化,本科,2026,南方电网,南方电网,中,20000,,220000,输电工程施工岗，负责城市配电网巡检维修，频繁出差处理故障,惠州市局与清远市局二选一,reviewed,中,reviewed,
272,3,邵阳学院,电气工程及其自动化,本科,2026,南方电网,南方电网,中,4000,,100000,输电工程施工岗，负责输电线路的现场施工建设及项目管理,南宁,reviewed,中,reviewed,
273,1,黄淮学院,机械电子工程,本科,2026,中化集团下三级子公司,中化集团下三级子公司,中,5500,,80000,机电设备运维岗，负责生产设备日常维护简修与保养,河南驻马店,reviewed,中,reviewed,
273,2,黄淮学院,机械电子工程,本科,2026,与渡客车,与渡客车,中,6000,,80000,生产职能岗，负责协调生产计划物料与进度,郑州,reviewed,中,reviewed,
273,3,黄淮学院,机械电子工程,本科,2026,日照序日电子有限公司,日照序日电子有限公司,中,5300,,65000,工艺工程师，负责制定优化工艺流程解决生产中的工艺技术问题,日照,reviewed,中,reviewed,
274,1,哈尔滨工业大学,测控技术与仪器,硕士,2026,航天科技一院一部,航天科技一院一部,中,,,320000,飞行器测控系统总体设计岗，负责指标分配与总体参数设计,北京,reviewed,中,reviewed,
274,2,哈尔滨工业大学,测控技术与仪器,硕士,2026,闭响汽车,闭响汽车,中,35000,65600,,FPGA开发工程师，负责车规芯片FPGA原型验证及硬件加速方案开发,北京,reviewed,中,reviewed,
274,3,哈尔滨工业大学,测控技术与仪器,硕士,2026,公用电器,公用电器,中,28000,,360000,FPGA工程师，负责工业设备FPGA逻辑开发及系统维护,北京,reviewed,中,reviewed,
275,1,格拉斯哥大学,计算机,硕士,2026,宇视科技,宇视科技,中,10500,,190000,海外项目技术支持方案交付及客户沟通,杭州,reviewed,中,reviewed,
275,2,格拉斯哥大学,计算机,硕士,2026,中国电信,中国电信,中,,,100000,维护机房服务器网络设备机系统稳定运行,内蒙古,reviewed,中,reviewed,
275,3,格拉斯哥大学,计算机,硕士,2026,招商银行,招商银行,中,,,140000,金融科技或银行业务工作，前期需要轮岗,内蒙古,reviewed,中,reviewed,
276,1,兰州工业学院,电气工程,本科,2026,华电新疆天山公司,华电新疆天山公司,中,,,120000,火电厂电厂运行岗，负责监控机组参数、巡视设备运行状态并记录数据,哈密,reviewed,中,reviewed,
276,2,兰州工业学院,电气工程,本科,2026,华润电力甘肃公司,华润电力甘肃公司,中,,,150000,光伏电站运维岗，进行光伏电站日常值班、设备维护及检修作业,兰州或酒泉,reviewed,中,reviewed,
276,3,兰州工业学院,电气工程,本科,2026,青海国网某市局,青海国网某市局,中,,,100000,电网运维岗，对电站设备进行倒闸操作、巡视检查和事故处理,海北,reviewed,中,reviewed,
277,1,三峡大学科技学院,电气工程及其自动化,本科,2026,,,待核实,5500,,90000,现场工程师，负责产线设备运维，智能制造技术应用与现场生产管控,温州,reviewed,待核实,pending,missing_company
277,2,三峡大学科技学院,电气工程及其自动化,本科,2026,宜化,宜化,待核实,4500,,70000,机电维修工程师，负责矿区机电设备检修保养，保障矿山生产运行安全,宜昌,reviewed,中,reviewed,
277,3,三峡大学科技学院,电气工程及其自动化,本科,2026,武汉建工集团股份有限公司,武汉建工集团股份有限公司,中,6500,,120000,安全管理岗，负责施工现场安全监督检查、隐患排查及安全教育,武汉,reviewed,中,reviewed,
278,1,桂林电子科技大学,材料科学与工程,硕士,2026,深圳安吉尔饮水产业集团,深圳安吉尔饮水产业集团,中,10000,,130000,净水材料研发配方设计及产品性能优化,深圳,reviewed,中,reviewed,
278,2,桂林电子科技大学,材料科学与工程,硕士,2026,集成电路制造股份有限公司,集成电路制造股份有限公司,中,12000,,200000,工艺方法优化新产品验证及良率提升,绍兴,reviewed,中,reviewed,
278,3,桂林电子科技大学,材料科学与工程,硕士,2026,深圳某半导体设备厂,深圳某半导体设备厂,中,17500,,260000,设备现场安装调试及维护管理,深圳,reviewed,中,reviewed,
280,1,北京科技大学,矿业工程,硕士,2026,某矿山研究院,某矿山研究院,中,,,150000,技术开发岗，负责框叶相关技术研发工业优化及成果转化,长沙,reviewed,中,reviewed,
280,2,北京科技大学,矿业工程,硕士,2026,江西业集团公司,江西业集团公司,中,,,150000,采矿技术岗，负责框山采框计划制定现场技术指导与监督,江西省某市,reviewed,中,reviewed,
280,3,北京科技大学,矿业工程,硕士,2026,华夏建龙集团,华夏建龙集团,中,,,200000,框叶框山内杆位虚在框山轮杆，熟悉采选流程并参与生产管理,北京,reviewed,中,reviewed,
281,1,北京大学,临床医学,博士,2026,山东某三甲医院,山东某三甲医院,中,12000,160000,350000,住院医师，负责住院患者的日常诊疗、输血与值班工作,济南,reviewed,中,reviewed,
281,2,北京大学,临床医学,博士,2026,YangtzeRiverPharmaceuticalGroup,YangtzeRiverPharmaceuticalGroup,待核实,25000,,600000,医学顾问，为医疗机构提供学术支持，传递产品信息并组织学术活动,泰州,reviewed,中,reviewed,
281,3,北京大学,临床医学,博士,2026,河南省某三甲医院,河南省某三甲医院,中,20000,,330000,临床医师岗，从事临床治疗工作，同时承担相关的医学科研任务,郑州,reviewed,中,reviewed,
282,1,济南大学,电气工程及其自动化,本科,2026,集成电子股份有限公司,集成电子股份有限公司,中,7500,,110000,系统装置集成工程师，负责电力装置系统总成现场实施、维护与随讯,济南,reviewed,中,reviewed,
282,2,济南大学,电气工程及其自动化,本科,2026,豪迈科技,豪迈科技,中,8500,,100000,电气工程师，负责电器系统设计设备条室技术支持与售货服务,潍坊,reviewed,中,reviewed,
282,3,济南大学,电气工程及其自动化,本科,2026,掩慌能源集团,掩慌能源集团,中,8500,,180000,设备工程师，主要负责电器设备条室设备故障天鞋已延收,济南,reviewed,中,reviewed,
283,1,武汉科技大学,电子信息,硕士,2026,中国移动,中国移动,中,5000,,100000,技术岗，负责移动网络运维优化及信息化支持,河南某县级,reviewed,中,reviewed,
283,2,武汉科技大学,电子信息,硕士,2026,国家石油天然气管网集团有限公司,国家石油天然气管网集团有限公司,中,,,180000,综合维修岗，负责管线巡检维护及户外应急维修,襄阳,reviewed,中,reviewed,
283,3,武汉科技大学,电子信息,硕士,2026,河南能源,河南能源,中,6000,,120000,矿井智能化岗，负责矿井智能化系统运维与设备条件,勇成,reviewed,中,reviewed,
284,1,重庆大学,能源与动力工程,硕士,2026,中国华电重庆分公司,中国华电重庆分公司,中,12000,,150000,新能源运维岗，光伏电站的日常巡检,重庆,reviewed,中,reviewed,
284,2,重庆大学,能源与动力工程,硕士,2026,比亚迪,比亚迪,中,13000,,240000,需要培训之后定岗，负责底盘系统的设计开发、测试验证与性能优化,深圳,reviewed,中,reviewed,
285,1,武昌理工学院,机械电子工程,本科,2026,宁德时代,宁德时代,中,14000,,250000,设备工程师，负责故障处理及性能优化,宁德,reviewed,中,reviewed,
285,2,武昌理工学院,机械电子工程,本科,2026,大族数控,大族数控,中,13000,,180000,自动化工程师，负责自动化系统开发程序编写及设备调试,佛山,reviewed,中,reviewed,
285,3,武昌理工学院,机械电子工程,本科,2026,大族激光,大族激光,中,15000,,200000,电气工艺工程师，负责电气工艺文件制定及生产问题解决,深圳,reviewed,中,reviewed,
286,1,贵州财经大学,软件工程,本科,2021,药明生物,药明生物,中,34000,,500000,前端开发工程师，负责内部自动化数字平台研发工作,上海,reviewed,中,reviewed,
286,2,贵州财经大学,软件工程,本科,2021,百度,百度,中,36000,,550000,前端开发工程师，负责核心AI业务研发工作,北京,reviewed,中,reviewed,
286,3,贵州财经大学,软件工程,本科,2021,商汤科技,商汤科技,中,30000,,450000,前端开发工程师，负责智能体AI业务研发工作,深圳,reviewed,中,reviewed,
287,1,哈尔滨工业大学,计算机专业,硕士,2026,Tencent腾讯,腾讯,中,33000,,560000,后台开发工程师,北京,reviewed,中,reviewed,
287,2,哈尔滨工业大学,计算机专业,硕士,2026,腾讯,腾讯,高,38000,,650000,软件开发岗,深圳,reviewed,中,reviewed,
287,3,哈尔滨工业大学,计算机专业,硕士,2026,中国航空工业集团,中国航空工业集团,中,,,430000,软件开发岗，负责机器人据身智能相关工作,哈尔滨,reviewed,中,reviewed,
288,1,重庆移通学院,电气工程及其自动化,本科,2026,苏州旭创科技有限公司,苏州旭创科技有限公司,中,7000,,85000,自动化技术员，维护与产线异常处理,安徽,reviewed,中,reviewed,
288,2,重庆移通学院,电气工程及其自动化,本科,2026,星宇股份,星宇股份,中,6000,,,需要在一线倒班六个月后定岗，前期负责一线生产操作，后期定岗工艺或现场管理,台州,reviewed,中,reviewed,
288,3,重庆移通学院,电气工程及其自动化,本科,2026,云南电网有限责任公司,云南电网有限责任公司,中,,,80000,变电运行、线路维护及抢修等电气作业,云南,reviewed,中,reviewed,
289,1,湖南城市学院,化学工程与工艺,本科,2026,拼多多,拼多多,中,9500,2000,160000,仓储管培生，负责仓库出入库及库存管理,佛山,reviewed,中,reviewed,
289,2,湖南城市学院,化学工程与工艺,本科,2026,,,待核实,13000,,170000,化工储备生，参与炼油项目从事化工生产工作,印度尼西亚,reviewed,待核实,pending,missing_company
289,3,湖南城市学院,化学工程与工艺,本科,2026,汤路化成,汤路化成,中,7000,,85000,一线生产技术员，负责一线生产操作监控工艺参数级设备运行,浙江绍兴,reviewed,中,reviewed,
291,1,中国矿业大学,采矿工程,本科,2026,紫金矿业集团股份有限公司,紫金矿业集团股份有限公司,中,15000,,190000,负责矿山安全生产工作,西藏,reviewed,中,reviewed,
291,2,中国矿业大学,采矿工程,本科,2026,山东黄金集团,山东黄金集团,中,8500,,120000,负责矿山正常采材工作,青海,reviewed,中,reviewed,
291,3,中国矿业大学,采矿工程,本科,2026,开轮集团,开轮集团,中,10000,,195000,负责没矿警下安全生产,新疆,reviewed,中,reviewed,
292,1,清华大学,计算机专业,博士,2026,Tencent腾讯,腾讯,中,62000,290000,1820000,负责多模态大模型的内容理解,深圳,reviewed,中,reviewed,
292,2,清华大学,计算机专业,博士,2026,中国科学院计算技术研究所,中国科学院计算技术研究所,中,32000,100000,490000,主要从事处理器芯片人工智能或计算机系统结构的前沿探索,北京,reviewed,中,reviewed,
292,3,清华大学,计算机专业,博士,2026,因为达,因为达,中,60000,250000,1690000,主要负责优化大模型推理引擎的性能并开发底层服务的算法,北京,reviewed,中,reviewed,
293,1,北方工业大学,土木工程,硕士,2026,中建八局北京公司,中建八局北京公司,中,14000,,160000,合同管理成本控制及结算工作,北京,reviewed,中,reviewed,
293,2,北方工业大学,土木工程,硕士,2026,中建八局海外公司,中建八局海外公司,中,20000,,220000,从事海外项目施工技术或商务等管理工作,东南亚,reviewed,中,reviewed,
293,3,北方工业大学,土木工程,硕士,2026,刀脉集团,刀脉集团,中,13000,,135000,项目深保专员岗,维方,reviewed,中,reviewed,
295,1,沈阳化工大学,机械工程,硕士,2026,大连第一互感器有限公司,大连第一互感器有限公司,中,7000,,80000,图纸绘制及技术方案优化,普兰店,reviewed,中,reviewed,
295,2,沈阳化工大学,机械工程,硕士,2026,长春精密机械有限公司,长春精密机械有限公司,中,10000,,120000,机械结构设计 公益改進機械場技術支持,长春,reviewed,中,reviewed,
295,3,沈阳化工大学,机械工程,硕士,2026,江苏某科技合资企业,江苏某科技合资企业,中,14000,,160000,高精度机械结构设计 访真分析及项目推进,长州,reviewed,中,reviewed,
296,1,沈阳工业大学,机械工程,硕士,2026,沈阳鑫松机器人,沈阳鑫松机器人,中,8500,,110000,优化及零部件图纸绘制,沈阳,reviewed,中,reviewed,
296,2,沈阳工业大学,机械工程,硕士,2026,沈陽編壓器集團,沈陽編壓器集團,中,8000,,100000,产品研发结构设计及生产技术支持,沈阳,reviewed,中,reviewed,
296,3,沈阳工业大学,机械工程,硕士,2026,GREE格力,GREE格力,中,12000,,150000,加电产品结构设计仿真分析及模具开发跟进,珠海,reviewed,中,reviewed,
297,1,山东理工大学,能源与动力工程,本科,2026,中国重汽,中国重汽,中,8000,,100000,质量监控岗,济南章丘,reviewed,中,reviewed,
297,2,山东理工大学,能源与动力工程,本科,2026,国能建,国能建,中,,,90000,建筑工程师,,reviewed,中,reviewed,missing_work_city
297,3,山东理工大学,能源与动力工程,本科,2026,山东某电场,山东某电场,中,16000,,200000,电厂检修工,山东某二线城市,reviewed,中,reviewed,
298,1,香港大学,计算机专业,硕士,2026,阿里巴巴香港,阿里巴巴集团,中,22100,,410000,大数据开发工程师，负责数据处理与架构优化,香港,reviewed,中,reviewed,monthly_salary_scaled_down_by_10
298,2,香港大学,计算机专业,硕士,2026,工序香港,工序香港,中,23000,,410000,软件开发工程师，负责软件系统设计、编码实现与性能优化,香港科学园,reviewed,中,reviewed,monthly_salary_scaled_down_by_10
298,3,香港大学,计算机专业,硕士,2026,华为诺亚方舟实验室,华为,中,24000,,400000,算法工程师，负责机器学习算法研发、模型训练与落地应用,香港中环,reviewed,中,reviewed,monthly_salary_scaled_down_by_10
299,1,东南大学,电子信息,硕士,2026,ZTE中兴,中兴通讯,中,25000,,415000,6G协议栈研发工程师，负责6G协议栈软件架构设计开发与实现,南京,reviewed,中,reviewed,
299,2,东南大学,电子信息,硕士,2026,华为,华为,高,28000,60000,458000,5G算法工程师（职级15级），负责5G算法设计仿真优化及性能分析,深圳,reviewed,中,reviewed,
299,3,东南大学,电子信息,硕士,2026,中国移动通信,中国移动通信,中,18000,50000,300000,网络规划工程师，负责网络规划方案设计及优化分析,南京,reviewed,中,reviewed,
300,1,安阳工学院,机械电子工程,本科,2026,绿點科技（深圳）有限公司,绿點科技（深圳）有限公司,中,16000,,220000,产品开发工程师，主要负责开发消费电子产品等,深圳,reviewed,中,reviewed,
300,2,安阳工学院,机械电子工程,本科,2026,深圳工业负联,深圳工业负联,中,11000,,140000,产品开发工程师，主要负责处理厂内新产品开发解决现场技术问题,深圳,reviewed,中,reviewed,
300,3,安阳工学院,机械电子工程,本科,2026,单费诺科技,单费诺科技,中,12000,,180000,新产品导入工程师，主要负责电子连接器与精密组件新产品导入制成验证等工作,深圳,reviewed,中,reviewed,
301,1,天津大学,化学工程,硕士,2026,宝洁,宝洁,待核实,20000,60000,380000,负责生产工艺优化与流程管理等工作,广州,reviewed,中,reviewed,
301,2,天津大学,化学工程,硕士,2026,万华化学集团,万华化学集团,中,10000,,250000,"负责化工生产工艺运行,改进与项目管理等工作",烟台,reviewed,中,reviewed,
301,3,天津大学,化学工程,硕士,2026,工实化,工实化,中,12000,,250000,"从事化工技术研发,实验设计与工艺创新应用本工作",烟台,reviewed,中,reviewed,
303,1,中国海洋大学,生物科学,本科,2026,北京某小型手游公司,北京某小型手游公司,中,10000,,150000,游戏策划工程师，负责设计并平衡游戏内经济、战斗等数值系统，保障体验,北京,reviewed,中,reviewed,
303,2,中国海洋大学,生物科学,本科,2026,某山西大型医药企业北京分公司,某山西大型医药企业北京分公司,中,12000,,160000,科研管培生，后期可能定岗至电商运营部，负责药品电商运营与推广,北京,reviewed,中,reviewed,
303,3,中国海洋大学,生物科学,本科,2026,北京某小型互联网企业,北京某小型互联网企业,中,16000,,200000,产品经理，负责社交功能设计以及日常数据的分析,北京,reviewed,中,reviewed,
304,1,清华大学,材料专业,博士,2026,华为2012实验室,华为,中,48000,150000,720000,负责前沿材料技术研究与创新成果转发,上海,reviewed,中,reviewed,
304,2,清华大学,材料专业,博士,2026,比亚迪股份有限公司,比亚迪股份有限公司,中,46400,,700000,专注新能源材料研发至产业化应用开发的工作,深圳,reviewed,中,reviewed,
305,1,沈阳工业大学,电子信息,本科,2026,中国联通,中国联通,中,4000,,70000,综合维护岗，负责现局通信网络维护业务支撑与客户服务,辽宁省某县局,reviewed,中,reviewed,
305,2,沈阳工业大学,电子信息,本科,2026,沈阳为创森,沈阳为创森,中,6000,,80000,设备工程师，负责电线电缆通信设备安装调试及现场技术支持,沈阳,reviewed,中,reviewed,
305,3,沈阳工业大学,电子信息,本科,2026,大连松下电器,大连松下电器,中,8000,,120000,嵌入式开发工程师，从事嵌入式系统设计等工作,大连,reviewed,中,reviewed,
306,1,中国农业大学,农机工程,博士,2026,东风农机,东风农机,中,20000,60000,380000,负责农机装备结构设计性能优化及试验验证,常州,reviewed,中,reviewed,
306,2,中国农业大学,农机工程,博士,2026,大江农业,大江农业,中,33000,,700000,主导农机系统架构设计 算法集成与产品规划,深圳,reviewed,中,reviewed,
306,3,中国农业大学,农机工程,博士,2026,中国农业科学院,中国农业科学院,中,,,220000,负责承担农业工程特言项目 技术公关与成果转化,北京,reviewed,中,reviewed,
307,1,天津工业大学,化学工程与工艺,本科,2026,康龙化成,康龙化成,中,6800,,80000,有机化合物合成路线设计,天津,reviewed,中,reviewed,
307,2,天津工业大学,化学工程与工艺,本科,2026,真顶集团,真顶集团,中,4200,,110000,生产设备日常维护故障排查,秦皇岛,reviewed,中,reviewed,
308,1,北京石油化工学院,安全工程,硕士,2026,德邦快递,德邦快递,中,8000,,100000,管培生，后续往园区厂长发展,北京,reviewed,中,reviewed,
308,2,北京石油化工学院,安全工程,硕士,2026,中国建设银行,中国建设银行,中,4000,,120000,综合营销岗,北京,reviewed,中,reviewed,
308,3,北京石油化工学院,安全工程,硕士,2026,北京城市排水集团,北京城市排水集团,中,7000,,100000,安全岗，负责水厂安全管理等工作,北京,reviewed,中,reviewed,
309,1,西南石油大学,机械设计制造及其自动化,本科,2026,公牛集团,公牛集团,中,8000,,110000,销售管理岗，负责经销商开发和管理等,宁波,reviewed,中,reviewed,
309,2,西南石油大学,机械设计制造及其自动化,本科,2026,亨通光电,亨通光电,中,8500,,130000,国内驻外销售，负责国内区域客户开发、产品销售及维护,成都,reviewed,中,reviewed,
309,3,西南石油大学,机械设计制造及其自动化,本科,2026,结锐股份,结锐股份,中,28000,,300000,海外销售经理，负责海外市场开拓、客户对接及销售跟进,海外,reviewed,中,reviewed,
310,1,西北工业大学,飞行器制造工程,博士,2026,大疆科技,大疆,中,40000,,750000,无人机结构设计,深圳,reviewed,中,reviewed,
310,2,西北工业大学,飞行器制造工程,博士,2026,中国航空工业集团下属某单位,中国航空工业集团下属某单位,中,26000,,450000,装配工艺设计与仿真工程师,保密,reviewed,中,reviewed,
310,3,西北工业大学,飞行器制造工程,博士,2026,西北工业大学,西北工业大学,中,15000,60000,340000,担任助理教授，从事教学、学科建设与科研项目论证等工作,西安,reviewed,中,reviewed,
311,1,济南大学,电气工程,本科,2026,齐鲁制药,齐鲁制药,中,6500,,80000,设备维护岗,济南,reviewed,中,reviewed,
311,2,济南大学,电气工程,本科,2026,山东太古,山东太古,中,7000,,100000,飞机维修工程师,济南,reviewed,中,reviewed,
311,3,济南大学,电气工程,本科,2026,三邦德激光,三邦德激光,中,7000,,85000,生产管理岗,济南,reviewed,中,reviewed,
312,1,合肥大学,机械设计制造自动化,本科,2026,上海迪凯,上海迪凯,中,8000,,120000,负责产品质量控制,上海,reviewed,中,reviewed,
312,2,合肥大学,机械设计制造自动化,本科,2026,大族激光,大族激光,中,7500,,100000,负责生产工业流程设计优化等工作,深圳,reviewed,中,reviewed,
312,3,合肥大学,机械设计制造自动化,本科,2026,长城信息,长城信息,中,7000,,100000,负责大客户关系维护需求对接及销售项目推进,各地省会外派,reviewed,中,reviewed,
313,1,重庆大学,机械专业,本科,2026,新凯来,新凯来,中,17500,,260000,图纸绘制及技术方案优化,深圳,reviewed,中,reviewed,
313,2,重庆大学,机械专业,本科,2026,成都比亚迪,成都比亚迪,中,12000,,160000,流程优化及现场问题解决,成都,reviewed,中,reviewed,
315,1,辽宁石油化工大学,化学工程,硕士,2026,中国石化重庆川维化工,中国石化重庆川维化工,中,,,150000,材料研发与技术岗,重庆,reviewed,中,reviewed,
315,2,辽宁石油化工大学,化学工程,硕士,2026,中海油中海化学,中海油中海化学,中,,,150000,陆地操作岗（不需要出海）,海南东方,reviewed,中,reviewed,
315,3,辽宁石油化工大学,化学工程,硕士,2026,中石油锦溪石化,中石油锦溪石化,中,8000,,120000,设备操作岗,弧路岛,reviewed,中,reviewed,
316,1,重庆大学,计算机,硕士,2026,京东,京东,中,35600,,710000,大模型预演,北京,reviewed,中,reviewed,
316,2,重庆大学,计算机,硕士,2026,小名,小名,待核实,42000,,630000,大模型预言算法设计与英雄落地,北京,reviewed,中,reviewed,
316,3,重庆大学,计算机,硕士,2026,海康威视,海康威视,中,30000,,480000,大模型算法研发及视觉智能应用,杭州,reviewed,中,reviewed,
317,1,沈阳化工大学,化学工程与工艺,本科,2026,信诺利星集团,信诺利星集团,中,7500,,90000,生产储备岗，负责生产现场操作及班组轮班管理,沧州,reviewed,中,reviewed,
317,2,沈阳化工大学,化学工程与工艺,本科,2026,北方华锦化学工业集团,北方华锦化学工业集团,中,7000,,90000,化工技术岗，负责化工生产参数控制技术执行与设备巡检,盘锦,reviewed,中,reviewed,
317,3,沈阳化工大学,化学工程与工艺,本科,2026,AHCE INSURANCE,AHCE INSURANCE,待核实,4500,,60000,公估师，负责保险事故现场查看损失评估及定损报告撰写,辽宁省内,reviewed,中,reviewed,
318,1,布拉格查理大学,国际经济学,硕士,2026,创维数字,创维数字,中,15000,,200000,海外销售经理，负责所在区域的市场开发、销售与客户关系维护,深圳,reviewed,中,reviewed,
318,2,布拉格查理大学,国际经济学,硕士,2026,广州菲律斯太阳能,广州菲律斯太阳能,中,7500,,300000,海外销售，负责对应区域的销售拓展和客户维护,广州,reviewed,中,reviewed,
318,3,布拉格查理大学,国际经济学,硕士,2026,烟台节日股份,烟台节日股份,中,12000,,300000,海外销售经历，负责海外市场开发、客户维护和销售工作,烟台,reviewed,中,reviewed,
321,1,深圳职业技术大学,新能源汽车专业,专科,2026,宁德时代,宁德时代,中,8000,,180000,电池生产工艺监控,福建,reviewed,中,reviewed,
321,2,深圳职业技术大学,新能源汽车专业,专科,2026,比亚迪汽车工业有限公司,比亚迪汽车工业有限公司,中,8500,21250,150000,负责新能源车售后技术诊断,深圳,reviewed,中,reviewed,
322,1,南京邮电大学,通信工程,硕士,2026,苏州电信,苏州电信,中,,,250000,技术研发工程师，负责通信技术研发,苏州,reviewed,中,reviewed,
322,2,南京邮电大学,通信工程,硕士,2026,苏州移动,苏州移动,中,,,230000,通信系统开发工程师，承担通信系统开发功能测试与性能调优,苏州,reviewed,中,reviewed,
322,3,南京邮电大学,通信工程,硕士,2026,华为,华为,高,20000,80000,320000,测试开发工程师，从事测试开发自动化工具编写及软件质量保障,苏州,reviewed,中,reviewed,
323,1,广州大学,电气工程及其自动化,本科,2026,路中校集团,路中校集团,中,6500,,90000,电气检修岗,福建,reviewed,中,reviewed,
323,2,广州大学,电气工程及其自动化,本科,2026,中国建筑,中国建筑,中,12000,,230000,机电岗,阿尔及利亚,reviewed,中,reviewed,
323,3,广州大学,电气工程及其自动化,本科,2026,中力投资集团公司,中力投资集团公司,中,7000,,140000,设备运行岗,甘肃,reviewed,中,reviewed,
324,1,山东工业职业学院,应用化工,专科,2026,一联宏会生,一联宏会生,中,5000,,70000,工艺操作员，负责工艺生产，保证参数稳定，每小时巡检一次,江苏泰兴,reviewed,中,reviewed,
324,2,山东工业职业学院,应用化工,专科,2026,富海集团,富海集团,中,5000,,90000,操作工，主要负责现场巡检，安全排查,山东东营,reviewed,中,reviewed,
324,3,山东工业职业学院,应用化工,专科,2026,陕西某国企,陕西某国企,中,6000,30000,120000,操作岗，主要负责安全排查，设备维护保养等工作,陕西省内,reviewed,中,reviewed,
325,1,燕山大学,机械专业,硕士,2026,智元机器人,智元机器人,中,20000,40000,290000,机器人结构设计工程师，负责机器人结构设计力学分析与优化,上海,reviewed,中,reviewed,
325,2,燕山大学,机械专业,硕士,2026,科大讯飞,科大讯飞,中,18000,54000,270000,机械设计工程师，负责承担机械系统设计零部件选型与整机调试,深圳,reviewed,中,reviewed,
325,3,燕山大学,机械专业,硕士,2026,欣旺达动力（文乌园区）,欣旺达,中,15000,30000,250000,结构设计岗，从事产品结构设计图纸绘制及工艺改进,深圳,reviewed,中,reviewed,
327,1,天津大学,机械专业,硕士,2026,比亚迪汽车,比亚迪汽车,中,19000,,300000,整车控制工程师，负责整车控制算法开发标定与测试,深圳,reviewed,中,reviewed,
327,2,天津大学,机械专业,硕士,2026,中国第一汽车集团公司,中国第一汽车集团公司,中,15000,,230000,新能源动力总成设计工程师，负责新能源动力总成设计访真与优化,长春,reviewed,中,reviewed,
327,3,天津大学,机械专业,硕士,2026,拓荆科技,拓荆科技,中,17000,,290000,机械工程师，从事机械结构设计设备研发与调试,上海,reviewed,中,reviewed,
333,1,南昌大学,信息管理与信息系统,本科,2026,百度,百度,中,26000,,130000,前端开发工程师，负责AI业务系统开发,北京,reviewed,中,reviewed,
333,2,南昌大学,信息管理与信息系统,本科,2026,京东,京东,中,24000,,480000,前端开发工程师，负责海外零售业务内部系统开发,北京,reviewed,中,reviewed,
333,3,南昌大学,信息管理与信息系统,本科,2026,滴滴,滴滴,中,25000,,380000,前端开发工程师，负责海外金融业务系统开发,北京,reviewed,中,reviewed,
335,1,上海大学,计算机专业,硕士,2026,比利比利,比利比利,中,34000,102000,510000,多模态算法研发,上海,reviewed,中,reviewed,
335,2,上海大学,计算机专业,硕士,2026,字节跳动,字节跳动,高,34000,,540000,大模型算法开发 调优极业无落地,上海,reviewed,中,reviewed,
335,3,上海大学,计算机专业,硕士,2026,腾讯,腾讯,高,36000,108000,600000,多模态算法研究系统设计与性能提升,深圳,reviewed,中,reviewed,
336,1,北京大学,金融专业,硕士,2026,MorganStanley 一摩根士丹利,MorganStanley 一摩根士丹利,中,95000,150000,1200000,投行分析师，从事投行分析、财务建模与交易执行,香港,reviewed,中,reviewed,
336,2,北京大学,金融专业,硕士,2026,CITADE 财务建模与交易执行二cityIsecurties承保证券 OCCMIICICSMEmS,CITADE 财务建模与交易执行二cityIsecurties承保证券 OCCMIICICSMEmS,中,17000,,1820000,量化研究员，负责高频量化策略研发、市场数据分析,香港,reviewed,中,reviewed,monthly_salary_scaled_down_by_10
336,3,北京大学,金融专业,硕士,2026,CTW Securities承保政权,CTW Securities承保政权,中,46000,100000,800000,量化研究员，负责量化模型研究、策略开发与数据分析,上海,reviewed,中,reviewed,
337,1,香港城市大学,材料专业,硕士,2026,维理能,维理能,中,11000,,150000,电芯工艺优化,惠州,reviewed,中,reviewed,
337,2,香港城市大学,材料专业,硕士,2026,新能得,新能得,中,11500,50000,250000,流程管控与良率提升,东莞,reviewed,中,reviewed,
337,3,香港城市大学,材料专业,硕士,2026,,,待核实,13800,15000,190000,PCB工艺制成维护参数调整与优化,广州,reviewed,待核实,pending,missing_company
338,1,浙江大学,电气工程,博士,2026,特斯拉,特斯拉,中,35000,,550000,负责车载电力电子系统开发,上海,reviewed,中,reviewed,
338,2,浙江大学,电气工程,博士,2026,华为,华为,高,48000,200000,800000,负责电力电子前沿技术研发并建设设计与系统优化,深圳,reviewed,中,reviewed,
338,3,浙江大学,电气工程,博士,2026,AVB中国,AVB中国,中,27000,54000,450000,从事电力电子技术研究新产品开发与应用,上海,reviewed,中,reviewed,
339,1,大连大学,护理学,本科,2026,大连市中心医院,大连市中心医院,中,2000,,90000,临床护士，负责临床护理、患者照护及医疗辅助,大连,reviewed,中,reviewed,
339,2,大连大学,护理学,本科,2026,大连大学附属中山医院,大连大学附属中山医院,中,3000,,100000,医药代表，从事病房护理并请观察及健康指导,大连,reviewed,中,reviewed,
339,3,大连大学,护理学,本科,2026,齐鲁制药,齐鲁制药,中,8000,20000,130000,医药代表，承担医药产品推广、客户维护与销售任务,济南,reviewed,中,reviewed,
340,1,北京师范大学,数学专业,博士,2026,华为2012实验室,华为,中,42000,150000,850000,算法工程师，负责算法研发、模型调优与前沿技术公关,深圳,reviewed,中,reviewed,
340,2,北京师范大学,数学专业,博士,2026,北京四中,北京四中,中,15000,50000,350000,高中数学教师，负责高中数学教学、教研及学生培养工作,北京,reviewed,中,reviewed,
340,3,北京师范大学,数学专业,博士,2026,深圳中学,深圳中学,中,18000,80000,400000,数学教师，从事数学课程教学、竞赛辅导与教研改革,深圳,reviewed,中,reviewed,
341,1,东北财经大学,工商管理,本科,2026,牧原集团,牧原集团,中,14000,,190000,人力资源管培生，负责集团招聘等人力资源板块业务,南阳,reviewed,中,reviewed,
341,2,东北财经大学,工商管理,本科,2026,基恩士,基恩士,中,12000,,200000,销售工程师，负责公司设备销售,,reviewed,中,reviewed,missing_work_city
341,3,东北财经大学,工商管理,本科,2026,真幸福,真幸福,中,16000,,250000,客户经理，负责云计算网安产品销售,,reviewed,中,reviewed,missing_work_city
343,1,重庆大学,计算机,硕士,2026,字节跳动,字节跳动,高,28000,112000,440000,推荐算法模型开发与优化,成都,reviewed,中,reviewed,
343,2,重庆大学,计算机,硕士,2026,华为,华为,高,22000,66000,350000,AI算法研发及项目落地,重庆,reviewed,中,reviewed,
345,1,山东华宇工学院,物流工程,本科,2026,京东集团,京东,中,8800,,130000,园区经理岗，负责园区资产运营、招商管理及日常运作,山东,reviewed,中,reviewed,
345,2,山东华宇工学院,物流工程,本科,2026,RyteDance,RyteDance,待核实,7000,,90000,酒店bd，承担酒店拓展、商务洽谈与客户维护,山东,reviewed,中,reviewed,
345,3,山东华宇工学院,物流工程,本科,2026,苏州山母,苏州山母,中,7000,,85000,门店实习管培生，从基础岗位轮起学习基础运营及团队管理,苏州,reviewed,中,reviewed,
346,1,清华大学,计算机专业,博士,2026,nVIDIA,nVIDIA,待核实,60000,,,AI芯片算法专家,北京,reviewed,中,reviewed,
346,2,清华大学,计算机专业,博士,2026,腾讯,腾讯,高,62000,,1830000,大模型算法研究员,深圳,reviewed,中,reviewed,
346,3,清华大学,计算机专业,博士,2026,中科院计算技术研究所,中科院计算技术研究所,中,32000,,490000,助理研究员,北京,reviewed,中,reviewed,
348,1,中国科学院大学,微电子,硕士,2026,起源实验室,起源实验室,中,27000,81000,410000,数字IC工程师，主要负责数字芯片设计，仿真验证及性能优化,北京,reviewed,中,reviewed,
348,2,中国科学院大学,微电子,硕士,2026,比亚迪,比亚迪,中,29000,,430000,数字IC设计工程师，主要负责车规芯片模块设计,上海,reviewed,中,reviewed,
348,3,中国科学院大学,微电子,硕士,2026,理想汽车,理想汽车,中,36000,144000,580000,数字IC岗，主要负责智能汽车新片数字电路设计与验证,北京,reviewed,中,reviewed,
349,1,清华大学,集成电路方向,博士,2026,DIA,DIA,待核实,68000,,1500000,芯片架构研究员，主要负责GPU芯片研发，集成电路涉及验证,上海,reviewed,中,reviewed,
349,2,清华大学,集成电路方向,博士,2026,中芯国际,中芯国际,中,50000,,800000,芯片工艺研发岗，主要负责国产芯片工艺研发，提升制造效率,上海,reviewed,中,reviewed,
349,3,清华大学,集成电路方向,博士,2026,中国航天科技集团,中国航天科技集团,中,32000,100000,550000,航天专用芯片研发岗，主要负责航天专用芯片及集成电路研发,北京,reviewed,中,reviewed,
